time,ped_id,prob_intent,true_intent
13.0,1,0.26,0
13.1,1,0.34,0
13.2,1,0.27,0
13.3,1,0.33,0
13.4,1,0.4,0
13.5,1,0.38,0
13.6,1,0.61,0
13.7,1,0.53,0
13.8,1,0.51,0
13.9,1,0.59,0
14.0,1,0.52,0
14.1,1,0.47,0
14.2,1,0.37,0
14.3,1,0.37,0
14.4,1,0.14,0
14.5,1,0.07,0
14.6,1,0.09,0
14.7,1,0.13,0
14.8,1,0.1,0
14.9,1,0.09,0
15.0,1,0.12,0
15.1,1,0.19,0
15.2,1,0.19,0
15.3,1,0.26,0
15.4,1,0.21,0
15.5,1,0.22,0
15.6,1,0.21,0
15.7,1,0.18,0
15.8,1,0.2,0
15.9,1,0.21,0
16.0,1,0.22,1
16.1,1,0.24,1
16.2,1,0.32,1
16.3,1,0.45,1
16.4,1,0.51,1
16.5,1,0.38,1
16.6,1,0.31,1
16.7,1,0.36,1
16.8,1,0.6,1
16.9,1,0.56,1
17.0,1,0.54,1
17.1,1,0.51,1
17.2,1,0.53,1
17.3,1,0.43,1
17.4,1,0.45,1
17.5,1,0.3,1
17.6,1,0.31,1
17.7,1,0.32,1
17.8,1,0.31,1
17.9,1,0.38,1
18.0,1,0.33,1
18.1,1,0.28,1
18.2,1,0.27,1
18.3,1,0.3,1
18.4,1,0.37,1
18.5,1,0.4,1
18.6,1,0.34,1
18.7,1,0.6,1
18.8,1,0.63,0
18.9,1,0.4,0
19.0,1,0.38,0
19.1,1,0.38,0
19.2,1,0.4,0
19.3,1,0.36,0
19.4,1,0.35,0
19.5,1,0.37,0
19.6,1,0.34,0
19.7,1,0.42,0
19.8,1,0.28,0
19.9,1,0.17,0
20.0,1,0.18,0
20.1,1,0.28,0
20.2,1,0.5,0
20.3,1,0.25,0
20.4,1,0.22,0
20.5,1,0.15,0
20.6,1,0.2,0
20.7,1,0.18,0
20.8,1,0.22,0
20.9,1,0.13,0
21.0,1,0.07,0
21.1,1,0.08,0
21.2,1,0.12,0
21.3,1,0.18,0
21.4,1,0.16,0
21.5,1,0.33,0
21.6,1,0.3,0
21.7,1,0.31,0
21.8,1,0.35,0
21.9,1,0.3,0
22.0,1,0.32,0
22.1,1,0.3,0
22.2,1,0.36,0
22.3,1,0.45,0
22.4,1,0.55,0
22.5,1,0.55,0
22.6,1,0.56,0
22.7,1,0.57,0
22.8,1,0.48,0
22.9,1,0.52,0
23.0,1,0.56,0
23.1,1,0.45,0
23.2,1,0.49,0
23.3,1,0.45,0
23.4,1,0.5,0
23.5,1,0.41,0
23.6,1,0.44,0
23.7,1,0.45,0
23.8,1,0.29,0
23.9,1,0.34,0
24.0,1,0.29,0
24.1,1,0.3,0
24.2,1,0.36,0
24.3,1,0.18,0
24.4,1,0.2,0
24.5,1,0.27,0
24.6,1,0.31,0
24.7,1,0.26,0
24.8,1,0.3,0
24.9,1,0.29,0
25.0,1,0.18,0
25.1,1,0.34,0
25.1,2,0.36,0
25.2,1,0.22,0
25.2,2,0.28,0
25.3,1,0.31,0
25.3,2,0.22,0
25.4,1,0.27,0
25.4,2,0.26,0
25.5,1,0.31,0
25.5,2,0.27,0
25.6,1,0.37,0
25.6,2,0.38,0
25.7,1,0.28,0
25.7,2,0.56,0
25.8,1,0.26,0
25.8,2,0.37,0
25.9,1,0.36,0
25.9,2,0.34,0
26.0,1,0.51,0
26.0,2,0.41,0
26.1,1,0.41,0
26.1,2,0.33,0
26.2,1,0.41,0
26.2,2,0.33,0
26.3,1,0.44,0
26.3,2,0.33,0
26.4,1,0.41,0
26.4,2,0.37,0
26.5,1,0.44,0
26.5,2,0.41,0
26.6,1,0.39,0
26.6,2,0.42,0
26.7,1,0.41,0
26.7,2,0.36,0
26.8,1,0.41,0
26.8,2,0.35,0
26.9,1,0.37,0
26.9,2,0.33,0
27.0,1,0.31,0
27.0,2,0.5,0
27.1,1,0.29,0
27.1,2,0.43,0
27.2,1,0.39,0
27.2,2,0.36,0
27.3,1,0.43,0
27.3,2,0.43,0
27.4,1,0.39,0
27.4,2,0.27,0
27.5,1,0.36,0
27.5,2,0.35,0
27.6,1,0.32,0
27.6,2,0.36,0
27.7,1,0.46,0
27.7,2,0.1,0
27.8,1,0.19,0
27.8,2,0.32,0
27.9,1,0.24,0
27.9,2,0.22,0
28.0,1,0.17,0
28.0,2,0.28,0
28.1,1,0.16,0
28.1,2,0.25,1
28.2,1,0.19,0
28.2,2,0.34,1
28.3,1,0.16,0
28.3,2,0.28,1
28.4,1,0.33,0
28.4,2,0.33,1
28.5,1,0.22,0
28.5,2,0.34,1
28.6,1,0.23,0
28.6,2,0.39,1
28.7,1,0.12,0
28.7,2,0.46,1
28.8,1,0.12,0
28.8,2,0.41,1
28.9,1,0.1,0
28.9,2,0.29,1
29.0,1,0.11,0
29.0,2,0.33,1
29.1,1,0.32,0
29.1,2,0.34,1
29.2,1,0.27,0
29.2,2,0.37,1
29.3,1,0.2,0
29.3,2,0.43,1
29.4,1,0.24,0
29.4,2,0.48,1
29.5,1,0.28,0
29.5,2,0.47,1
29.6,1,0.36,0
29.6,2,0.52,1
29.7,1,0.22,0
29.7,2,0.41,1
29.8,1,0.07,0
29.8,2,0.46,1
29.9,1,0.06,0
29.9,2,0.38,1
30.0,1,0.04,0
30.0,2,0.45,1
30.1,1,0.1,0
30.1,2,0.39,1
30.2,1,0.06,0
30.2,2,0.39,1
30.3,1,0.09,0
30.3,2,0.46,1
30.4,1,0.11,0
30.4,2,0.42,1
30.5,1,0.09,0
30.5,2,0.5,1
30.6,1,0.16,0
30.6,2,0.5,1
30.7,1,0.07,0
30.7,2,0.28,1
30.8,1,0.14,0
30.8,2,0.68,1
30.9,1,0.15,0
30.9,2,0.58,1
31.0,1,0.09,0
31.0,2,0.64,1
31.1,1,0.13,0
31.1,2,0.64,1
31.2,1,0.17,0
31.2,2,0.65,1
31.3,1,0.18,0
31.3,2,0.66,1
31.4,1,0.15,0
31.4,2,0.65,1
31.5,1,0.17,0
31.5,2,0.66,1
31.6,1,0.14,0
31.6,2,0.59,1
31.7,1,0.28,0
31.7,2,0.61,1
31.8,1,0.34,0
31.8,2,0.32,1
31.9,1,0.35,0
31.9,2,0.32,1
32.0,1,0.43,0
32.0,2,0.42,1
32.1,1,0.4,0
32.1,2,0.47,1
32.2,1,0.33,0
32.2,2,0.45,1
32.3,1,0.2,0
32.3,2,0.66,1
32.4,1,0.2,0
32.4,2,0.52,1
32.5,1,0.31,0
32.5,2,0.52,1
32.6,1,0.35,0
32.6,2,0.46,1
32.7,1,0.38,0
32.7,2,0.3,1
32.8,1,0.4,0
32.8,2,0.34,1
32.9,1,0.37,0
32.9,2,0.38,1
33.0,1,0.31,0
33.0,2,0.27,1
33.1,1,0.3,0
33.1,2,0.27,1
33.2,1,0.37,0
33.2,2,0.37,1
33.3,1,0.34,0
33.3,2,0.41,1
33.4,1,0.39,0
33.4,2,0.39,1
33.5,1,0.26,0
33.5,2,0.39,1
33.6,1,0.24,0
33.6,2,0.36,1
33.7,1,0.33,0
33.7,2,0.39,1
33.8,1,0.29,0
33.8,2,0.36,1
33.9,1,0.3,0
33.9,2,0.19,1
34.0,1,0.33,0
34.0,2,0.25,1
34.1,1,0.32,0
34.1,2,0.28,1
34.2,1,0.32,0
34.2,2,0.27,1
34.3,1,0.23,0
34.3,2,0.2,1
34.4,1,0.33,0
34.4,2,0.17,1
34.5,1,0.31,0
34.5,2,0.06,1
34.6,1,0.27,0
34.6,2,0.16,1
34.7,1,0.27,0
34.7,2,0.19,1
34.8,1,0.37,0
34.8,2,0.23,1
34.9,1,0.37,0
34.9,2,0.28,1
35.0,1,0.42,0
35.0,2,0.22,1
35.1,1,0.32,0
35.1,2,0.2,1
35.2,1,0.46,0
35.2,2,0.32,1
35.3,1,0.42,0
35.3,2,0.37,1
35.4,1,0.45,0
35.4,2,0.33,1
35.5,1,0.51,0
35.5,2,0.44,1
35.6,2,0.34,1
35.7,2,0.53,1
35.8,2,0.38,1
35.9,2,0.4,1
36.0,2,0.4,1
36.1,2,0.39,1
36.2,2,0.25,1
36.3,2,0.13,1
36.4,2,0.15,1
36.5,2,0.16,1
36.6,2,0.22,1
36.7,2,0.28,1
36.8,2,0.23,1
36.9,2,0.22,1
37.0,2,0.36,1
37.1,2,0.44,1
37.2,2,0.35,1
37.2,3,0.28,0
37.3,2,0.4,1
37.3,3,0.46,0
37.4,2,0.33,1
37.4,3,0.44,0
37.5,2,0.41,1
37.5,3,0.37,0
37.6,2,0.41,1
37.6,3,0.45,0
37.7,2,0.3,1
37.7,3,0.19,0
37.8,2,0.37,1
37.8,3,0.2,0
37.9,2,0.41,1
37.9,3,0.54,0
38.0,2,0.17,1
38.0,3,0.51,0
38.1,2,0.21,1
38.1,3,0.14,0
38.2,2,0.22,1
38.2,3,0.09,0
38.3,2,0.3,1
38.3,3,0.4,0
38.4,2,0.22,1
38.4,3,0.37,0
38.5,2,0.19,1
38.5,3,0.53,0
38.6,2,0.41,1
38.6,3,0.53,0
38.7,2,0.35,1
38.7,3,0.42,0
38.8,2,0.29,1
38.8,3,0.52,0
38.9,2,0.38,1
38.9,3,0.48,0
39.0,2,0.34,1
39.0,3,0.57,0
39.1,2,0.37,1
39.1,3,0.55,0
39.2,2,0.39,1
39.2,3,0.63,0
39.3,2,0.4,1
39.3,3,0.56,0
39.4,2,0.48,1
39.4,3,0.52,0
39.5,2,0.54,1
39.5,3,0.38,0
39.6,2,0.59,1
39.6,3,0.36,0
39.7,2,0.41,1
39.7,3,0.49,0
39.8,2,0.36,1
39.8,3,0.48,0
39.9,2,0.34,1
39.9,3,0.39,0
40.0,2,0.37,1
40.0,3,0.44,0
40.1,2,0.43,1
40.1,3,0.5,0
40.2,2,0.37,1
40.2,3,0.51,1
40.3,2,0.28,1
40.3,3,0.5,1
40.4,2,0.11,1
40.4,3,0.52,1
40.5,2,0.34,1
40.5,3,0.33,1
40.6,2,0.11,1
40.6,3,0.31,1
40.7,2,0.2,1
40.7,3,0.28,1
40.8,2,0.37,1
40.8,3,0.23,1
40.9,2,0.3,1
40.9,3,0.18,1
41.0,2,0.26,1
41.0,3,0.17,1
41.1,2,0.36,1
41.1,3,0.16,1
41.2,2,0.45,1
41.2,3,0.17,1
41.3,2,0.17,1
41.3,3,0.26,1
41.4,2,0.32,1
41.4,3,0.15,1
41.5,2,0.32,1
41.5,3,0.11,1
41.6,2,0.25,1
41.6,3,0.17,1
41.7,2,0.2,1
41.7,3,0.22,1
41.8,2,0.22,1
41.8,3,0.1,1
41.9,2,0.22,1
41.9,3,0.2,1
42.0,2,0.3,1
42.0,3,0.14,1
42.1,2,0.23,1
42.1,3,0.15,1
42.2,2,0.31,1
42.2,3,0.41,1
42.3,2,0.38,1
42.3,3,0.17,1
42.4,2,0.3,1
42.4,3,0.23,1
42.5,2,0.17,1
42.5,3,0.21,1
42.6,2,0.28,1
42.6,3,0.16,1
42.7,2,0.22,1
42.7,3,0.21,1
42.8,2,0.16,1
42.8,3,0.13,1
42.9,2,0.26,1
42.9,3,0.58,1
43.0,2,0.27,1
43.0,3,0.59,1
43.1,2,0.22,1
43.1,3,0.58,1
43.2,2,0.39,1
43.2,3,0.53,1
43.3,2,0.36,1
43.3,3,0.54,1
43.4,2,0.44,1
43.4,3,0.55,1
43.5,2,0.41,1
43.5,3,0.5,1
43.6,2,0.39,1
43.6,3,0.54,1
43.7,2,0.38,1
43.7,3,0.6,1
43.8,2,0.39,1
43.8,3,0.56,1
43.9,2,0.41,1
43.9,3,0.34,1
44.0,2,0.47,1
44.0,3,0.27,1
44.1,2,0.6,1
44.1,3,0.29,1
44.2,2,0.72,1
44.2,3,0.18,1
44.3,2,0.66,1
44.3,3,0.08,1
44.4,2,0.54,1
44.4,3,0.08,1
44.5,2,0.26,1
44.5,3,0.14,1
44.6,2,0.28,1
44.6,3,0.5,1
44.7,2,0.22,1
44.7,3,0.39,1
44.8,2,0.25,1
44.8,3,0.24,1
44.9,2,0.13,1
44.9,3,0.23,1
45.0,2,0.24,1
45.0,3,0.26,1
45.1,2,0.18,0
45.1,3,0.16,0
45.2,2,0.23,0
45.2,3,0.32,0
45.3,2,0.25,0
45.3,3,0.34,0
45.4,2,0.13,0
45.4,3,0.36,0
45.5,2,0.15,0
45.5,3,0.4,0
45.6,2,0.26,0
45.6,3,0.38,0
45.7,2,0.25,0
45.7,3,0.3,0
45.8,2,0.28,0
45.8,3,0.38,0
45.9,2,0.32,0
45.9,3,0.26,0
46.0,2,0.44,0
46.0,3,0.32,0
46.1,2,0.38,0
46.1,3,0.22,0
46.2,2,0.44,0
46.2,3,0.25,0
46.3,2,0.27,0
46.3,3,0.25,0
46.4,2,0.27,0
46.4,3,0.18,0
46.5,2,0.22,0
46.5,3,0.13,0
46.6,2,0.2,0
46.6,3,0.12,0
46.7,2,0.31,0
46.7,3,0.16,0
46.8,2,0.33,0
46.8,3,0.18,0
46.9,2,0.25,0
46.9,3,0.23,0
47.0,2,0.24,0
47.0,3,0.19,0
47.1,2,0.17,0
47.1,3,0.27,0
47.2,2,0.11,0
47.2,3,0.25,0
47.3,2,0.2,0
47.3,3,0.37,0
47.4,2,0.17,0
47.4,3,0.38,0
47.5,2,0.16,0
47.5,3,0.46,0
47.6,2,0.31,0
47.6,3,0.47,0
47.7,2,0.29,0
47.7,3,0.24,0
47.8,2,0.29,0
47.8,3,0.24,0
47.9,2,0.18,0
47.9,3,0.25,0
48.0,2,0.18,0
48.0,3,0.19,0
48.1,2,0.34,0
48.1,3,0.22,0
48.2,2,0.43,0
48.2,3,0.2,0
48.3,2,0.3,0
48.3,3,0.25,0
48.4,2,0.3,0
48.4,3,0.23,0
48.5,2,0.32,0
48.5,3,0.12,0
48.6,2,0.36,0
48.6,3,0.15,0
48.7,2,0.47,0
48.7,3,0.3,0
48.8,2,0.33,0
48.8,3,0.23,0
48.9,2,0.26,0
48.9,3,0.11,0
49.0,2,0.31,0
49.0,3,0.54,0
49.1,2,0.32,0
49.1,3,0.51,0
49.2,2,0.25,0
49.2,3,0.47,0
49.3,2,0.42,0
49.3,3,0.52,0
49.3,4,0.36,0
49.4,2,0.33,0
49.4,3,0.45,0
49.4,4,0.34,0
49.5,2,0.22,0
49.5,3,0.51,0
49.5,4,0.28,0
49.6,2,0.19,0
49.6,3,0.44,0
49.6,4,0.51,0
49.7,2,0.26,0
49.7,3,0.49,0
49.7,4,0.33,0
49.8,2,0.31,0
49.8,3,0.57,0
49.8,4,0.51,0
49.9,2,0.4,0
49.9,3,0.37,0
49.9,4,0.24,0
50.0,2,0.26,0
50.0,3,0.29,0
50.0,4,0.24,0
50.1,2,0.18,0
50.1,3,0.22,0
50.1,4,0.41,0
50.2,2,0.15,0
50.2,3,0.26,0
50.2,4,0.53,0
50.3,2,0.2,0
50.3,3,0.2,0
50.3,4,0.43,0
50.4,2,0.23,0
50.4,3,0.28,0
50.4,4,0.35,0
50.5,2,0.28,0
50.5,3,0.21,0
50.5,4,0.44,0
50.6,2,0.33,0
50.6,3,0.2,0
50.6,4,0.35,0
50.7,2,0.28,0
50.7,3,0.16,0
50.7,4,0.3,0
50.8,2,0.44,0
50.8,3,0.16,0
50.8,4,0.29,0
50.9,2,0.38,0
50.9,3,0.32,0
50.9,4,0.24,0
51.0,2,0.34,0
51.0,3,0.28,0
51.0,4,0.21,0
51.1,2,0.35,0
51.1,3,0.38,0
51.1,4,0.16,0
51.2,2,0.34,0
51.2,3,0.32,0
51.2,4,0.22,0
51.3,2,0.38,0
51.3,3,0.25,0
51.3,4,0.35,0
51.4,2,0.37,0
51.4,3,0.33,0
51.4,4,0.25,0
51.5,2,0.26,0
51.5,3,0.23,0
51.5,4,0.13,0
51.6,2,0.21,0
51.6,3,0.2,0
51.6,4,0.22,0
51.7,2,0.27,0
51.7,3,0.19,0
51.7,4,0.32,0
51.8,2,0.16,0
51.8,3,0.28,0
51.8,4,0.29,0
51.9,2,0.2,0
51.9,3,0.16,0
51.9,4,0.35,0
52.0,2,0.17,0
52.0,3,0.19,0
52.0,4,0.4,0
52.1,2,0.16,0
52.1,3,0.15,0
52.1,4,0.52,0
52.2,2,0.11,0
52.2,3,0.09,0
52.2,4,0.46,0
52.3,2,0.06,0
52.3,3,0.07,0
52.3,4,0.45,1
52.4,2,0.07,0
52.4,3,0.17,0
52.4,4,0.39,1
52.5,2,0.04,0
52.5,3,0.18,0
52.5,4,0.37,1
52.6,2,0.08,0
52.6,3,0.32,0
52.6,4,0.38,1
52.7,2,0.12,0
52.7,3,0.33,0
52.7,4,0.33,1
52.8,2,0.18,0
52.8,3,0.43,0
52.8,4,0.35,1
52.9,2,0.13,0
52.9,3,0.46,0
52.9,4,0.33,1
53.0,2,0.45,0
53.0,3,0.49,0
53.0,4,0.22,1
53.1,2,0.44,0
53.1,3,0.51,0
53.1,4,0.3,1
53.2,2,0.22,0
53.2,3,0.57,0
53.2,4,0.38,1
53.3,2,0.24,0
53.3,3,0.56,0
53.3,4,0.36,1
53.4,2,0.17,0
53.4,3,0.53,0
53.4,4,0.44,1
53.5,2,0.23,0
53.5,3,0.46,0
53.5,4,0.4,1
53.6,2,0.33,0
53.6,3,0.42,0
53.6,4,0.36,1
53.7,2,0.4,0
53.7,3,0.42,0
53.7,4,0.28,1
53.8,2,0.4,0
53.8,3,0.48,0
53.8,4,0.33,1
53.9,2,0.36,0
53.9,3,0.49,0
53.9,4,0.33,1
54.0,2,0.28,0
54.0,3,0.53,0
54.0,4,0.43,1
54.1,2,0.32,0
54.1,3,0.49,0
54.1,4,0.37,1
54.2,2,0.25,0
54.2,3,0.56,0
54.2,4,0.25,1
54.3,2,0.22,0
54.3,3,0.51,0
54.3,4,0.22,1
54.4,2,0.13,0
54.4,3,0.53,0
54.4,4,0.26,1
54.5,2,0.18,0
54.5,3,0.52,0
54.5,4,0.24,1
54.6,2,0.11,0
54.6,3,0.44,0
54.6,4,0.22,1
54.7,2,0.09,0
54.7,3,0.36,0
54.7,4,0.28,1
54.8,2,0.02,0
54.8,3,0.32,0
54.8,4,0.19,1
54.9,2,0.07,0
54.9,3,0.37,0
54.9,4,0.18,1
55.0,2,0.09,0
55.0,3,0.53,0
55.0,4,0.62,1
55.1,2,0.03,0
55.1,3,0.56,0
55.1,4,0.62,0
55.2,2,0.04,0
55.2,3,0.66,0
55.2,4,0.29,0
55.3,2,0.06,0
55.3,3,0.58,0
55.3,4,0.28,0
55.4,2,0.21,0
55.4,3,0.47,0
55.4,4,0.31,0
55.5,2,0.35,0
55.5,3,0.47,0
55.5,4,0.37,0
55.6,2,0.54,0
55.6,3,0.56,0
55.6,4,0.33,0
55.7,2,0.45,0
55.7,3,0.53,0
55.7,4,0.28,0
55.8,2,0.4,0
55.8,3,0.41,0
55.8,4,0.31,0
55.9,2,0.24,0
55.9,3,0.38,0
55.9,4,0.29,0
56.0,2,0.29,0
56.0,3,0.49,0
56.0,4,0.26,0
56.1,2,0.25,0
56.1,3,0.44,0
56.1,4,0.29,0
56.2,2,0.23,0
56.2,3,0.34,0
56.2,4,0.32,0
56.3,2,0.28,0
56.3,3,0.5,0
56.3,4,0.36,0
56.4,2,0.22,0
56.4,3,0.58,0
56.4,4,0.29,0
56.5,2,0.3,0
56.5,3,0.54,0
56.5,4,0.34,0
56.6,2,0.37,0
56.6,3,0.52,0
56.6,4,0.29,0
56.7,2,0.26,0
56.7,3,0.45,0
56.7,4,0.37,0
56.8,2,0.3,0
56.8,3,0.29,0
56.8,4,0.26,0
56.9,2,0.32,0
56.9,3,0.36,0
56.9,4,0.29,0
57.0,2,0.33,0
57.0,3,0.35,0
57.0,4,0.23,0
57.1,2,0.36,0
57.1,3,0.51,0
57.1,4,0.08,0
57.2,2,0.23,0
57.2,3,0.47,0
57.2,4,0.13,0
57.3,2,0.34,0
57.3,3,0.47,0
57.3,4,0.18,0
57.4,2,0.47,0
57.4,3,0.4,0
57.4,4,0.18,0
57.5,2,0.19,0
57.5,3,0.34,0
57.5,4,0.25,0
57.6,2,0.11,0
57.6,3,0.17,0
57.6,4,0.31,0
57.7,2,0.2,0
57.7,3,0.15,0
57.7,4,0.22,0
57.8,2,0.23,0
57.8,3,0.2,0
57.8,4,0.21,0
57.9,2,0.28,0
57.9,3,0.2,0
57.9,4,0.42,0
58.0,2,0.17,0
58.0,3,0.19,0
58.0,4,0.44,0
58.1,2,0.12,0
58.1,3,0.28,0
58.1,4,0.38,0
58.2,2,0.24,0
58.2,3,0.26,0
58.2,4,0.41,0
58.3,2,0.2,0
58.3,3,0.34,0
58.3,4,0.4,0
58.4,2,0.23,0
58.4,3,0.41,0
58.4,4,0.32,0
58.5,2,0.25,0
58.5,3,0.42,0
58.5,4,0.47,0
58.6,2,0.36,0
58.6,3,0.36,0
58.6,4,0.46,0
58.7,2,0.3,0
58.7,3,0.29,0
58.7,4,0.35,0
58.8,2,0.45,0
58.8,3,0.3,0
58.8,4,0.36,0
58.9,2,0.19,0
58.9,3,0.41,0
58.9,4,0.38,0
59.0,2,0.17,0
59.0,3,0.58,0
59.0,4,0.27,0
59.1,2,0.14,0
59.1,3,0.4,0
59.1,4,0.18,0
59.2,2,0.15,0
59.2,3,0.33,0
59.2,4,0.32,0
59.3,2,0.09,0
59.3,3,0.16,0
59.3,4,0.42,0
59.4,2,0.18,0
59.4,3,0.19,0
59.4,4,0.53,0
59.5,2,0.16,0
59.5,3,0.12,0
59.5,4,0.52,0
59.6,2,0.22,0
59.6,3,0.08,0
59.6,4,0.57,0
59.7,2,0.21,0
59.7,3,0.08,0
59.7,4,0.46,0
59.8,2,0.22,0
59.8,3,0.2,0
59.8,4,0.47,0
59.9,2,0.15,0
59.9,3,0.16,0
59.9,4,0.54,0
60.0,2,0.18,0
60.0,3,0.26,0
60.0,4,0.45,0
60.1,2,0.12,0
60.1,3,0.21,0
60.1,4,0.46,0
60.2,2,0.16,0
60.2,3,0.35,0
60.2,4,0.34,0
60.3,2,0.21,0
60.3,3,0.32,0
60.3,4,0.47,0
60.4,2,0.26,0
60.4,3,0.34,0
60.4,4,0.58,0
60.5,2,0.31,0
60.5,3,0.35,0
60.5,4,0.52,0
60.6,2,0.26,0
60.6,3,0.33,0
60.6,4,0.6,0
60.7,2,0.28,0
60.7,3,0.42,0
60.7,4,0.53,0
60.8,2,0.35,0
60.8,3,0.42,0
60.8,4,0.57,0
60.9,2,0.2,0
60.9,3,0.66,0
60.9,4,0.54,0
61.0,2,0.23,0
61.0,3,0.55,0
61.0,4,0.58,0
61.1,2,0.28,0
61.1,3,0.6,0
61.1,4,0.58,0
61.2,2,0.32,0
61.2,3,0.58,0
61.2,4,0.6,0
61.3,2,0.17,0
61.3,3,0.56,0
61.3,4,0.55,0
61.4,2,0.19,0
61.4,3,0.57,0
61.4,4,0.56,0
61.4,5,0.46,0
61.5,2,0.12,0
61.5,3,0.46,0
61.5,4,0.48,0
61.5,5,0.43,0
61.6,2,0.13,0
61.6,3,0.42,0
61.6,4,0.51,0
61.6,5,0.45,0
61.7,2,0.1,0
61.7,3,0.32,0
61.7,4,0.46,0
61.7,5,0.38,0
61.8,2,0.16,0
61.8,3,0.31,0
61.8,4,0.51,0
61.8,5,0.36,0
61.9,4,0.58,0
61.9,5,0.31,0
62.0,4,0.51,0
62.0,5,0.31,0
62.1,4,0.41,0
62.1,5,0.27,0
62.2,4,0.44,0
62.2,5,0.32,0
62.3,4,0.49,0
62.3,5,0.31,0
62.4,4,0.42,0
62.4,5,0.26,0
62.5,4,0.37,0
62.5,5,0.22,0
62.6,4,0.32,0
62.6,5,0.29,0
62.7,4,0.27,0
62.7,5,0.33,0
62.8,4,0.29,0
62.8,5,0.28,0
62.9,4,0.29,0
62.9,5,0.41,0
63.0,4,0.34,0
63.0,5,0.39,0
63.1,4,0.43,0
63.1,5,0.31,0
63.2,4,0.32,0
63.2,5,0.33,0
63.3,4,0.36,0
63.3,5,0.28,0
63.4,4,0.29,0
63.4,5,0.39,0
63.5,4,0.28,0
63.5,5,0.44,0
63.6,4,0.39,0
63.6,5,0.33,0
63.7,4,0.48,0
63.7,5,0.4,0
63.8,4,0.43,0
63.8,5,0.37,0
63.9,4,0.44,0
63.9,5,0.47,0
64.0,4,0.19,0
64.0,5,0.47,0
64.1,4,0.33,0
64.1,5,0.36,0
64.2,4,0.35,0
64.2,5,0.23,0
64.3,4,0.34,0
64.3,5,0.33,0
64.4,4,0.27,0
64.4,5,0.46,1
64.5,4,0.3,0
64.5,5,0.42,1
64.6,4,0.28,0
64.6,5,0.36,1
64.7,4,0.33,0
64.7,5,0.35,1
64.8,4,0.31,0
64.8,5,0.37,1
64.9,4,0.26,0
64.9,5,0.27,1
65.0,4,0.3,0
65.0,5,0.31,1
65.1,4,0.13,0
65.1,5,0.33,1
65.2,4,0.14,0
65.2,5,0.49,1
65.3,4,0.2,0
65.3,5,0.34,1
65.4,4,0.19,0
65.4,5,0.33,1
65.5,4,0.3,0
65.5,5,0.38,1
65.6,4,0.43,0
65.6,5,0.36,1
65.7,4,0.46,0
65.7,5,0.41,1
65.8,4,0.34,0
65.8,5,0.22,1
65.9,4,0.39,0
65.9,5,0.21,1
66.0,4,0.27,0
66.0,5,0.09,1
66.1,4,0.28,0
66.1,5,0.12,1
66.2,4,0.18,0
66.2,5,0.11,1
66.3,4,0.18,0
66.3,5,0.16,1
66.4,4,0.14,0
66.4,5,0.15,1
66.5,4,0.19,0
66.5,5,0.08,1
66.6,4,0.17,0
66.6,5,0.11,1
66.7,4,0.37,0
66.7,5,0.07,1
66.8,4,0.33,0
66.8,5,0.21,1
66.9,4,0.32,0
66.9,5,0.26,1
67.0,4,0.23,0
67.0,5,0.48,1
67.1,4,0.34,0
67.1,5,0.58,1
67.2,4,0.41,0
67.2,5,0.59,1
67.3,4,0.34,0
67.3,5,0.6,1
67.4,4,0.28,0
67.4,5,0.66,1
67.5,4,0.18,0
67.5,5,0.61,1
67.6,4,0.16,0
67.6,5,0.64,1
67.7,4,0.12,0
67.7,5,0.68,1
67.8,4,0.15,0
67.8,5,0.67,1
67.9,4,0.13,0
67.9,5,0.68,1
68.0,4,0.29,0
68.0,5,0.7,1
68.1,4,0.17,0
68.1,5,0.51,1
68.2,4,0.22,0
68.2,5,0.51,1
68.3,4,0.12,0
68.3,5,0.34,1
68.4,4,0.19,0
68.4,5,0.35,1
68.5,4,0.33,0
68.5,5,0.31,1
68.6,4,0.25,0
68.6,5,0.32,1
68.7,4,0.16,0
68.7,5,0.13,1
68.8,4,0.16,0
68.8,5,0.11,1
68.9,4,0.11,0
68.9,5,0.09,1
69.0,4,0.13,0
69.0,5,0.07,1
69.1,4,0.24,0
69.1,5,0.08,1
69.2,4,0.39,0
69.2,5,0.28,1
69.3,4,0.46,0
69.3,5,0.4,1
69.4,4,0.41,0
69.4,5,0.29,1
69.5,4,0.41,0
69.5,5,0.3,1
69.6,4,0.61,0
69.6,5,0.4,1
69.7,4,0.43,0
69.7,5,0.16,1
69.8,4,0.41,0
69.8,5,0.33,1
69.9,4,0.45,0
69.9,5,0.2,1
70.0,4,0.48,0
70.0,5,0.2,1
70.1,4,0.24,0
70.1,5,0.18,1
70.2,4,0.3,0
70.2,5,0.17,1
70.3,4,0.34,0
70.3,5,0.39,1
70.4,4,0.4,0
70.4,5,0.21,1
70.5,4,0.43,0
70.5,5,0.2,1
70.6,4,0.33,0
70.6,5,0.38,1
70.7,4,0.28,0
70.7,5,0.33,1
70.8,4,0.27,0
70.8,5,0.39,1
70.9,4,0.17,0
70.9,5,0.36,1
71.0,4,0.16,0
71.0,5,0.39,1
71.1,4,0.2,0
71.1,5,0.33,1
71.2,4,0.44,0
71.2,5,0.28,1
71.3,4,0.53,0
71.3,5,0.28,1
71.4,4,0.17,0
71.4,5,0.24,1
71.5,4,0.26,0
71.5,5,0.24,1
71.6,4,0.16,0
71.6,5,0.29,1
71.7,4,0.21,0
71.7,5,0.31,1
71.8,4,0.38,0
71.8,5,0.31,1
71.9,5,0.26,1
72.0,5,0.2,1
72.1,5,0.2,1
72.2,5,0.13,1
72.3,5,0.17,1
72.4,5,0.22,1
72.5,5,0.29,1
72.6,5,0.25,1
72.7,5,0.24,1
72.8,5,0.3,1
72.9,5,0.32,1
73.0,5,0.31,1
73.1,5,0.37,1
73.2,5,0.4,1
73.3,5,0.33,1
73.4,5,0.44,1
73.5,5,0.5,1
73.5,6,0.52,0
73.6,5,0.41,1
73.6,6,0.62,0
73.7,5,0.49,1
73.7,6,0.52,0
73.8,5,0.52,1
73.8,6,0.49,0
73.9,5,0.28,1
73.9,6,0.4,0
74.0,5,0.19,1
74.0,6,0.32,0
74.1,5,0.24,1
74.1,6,0.33,0
74.2,5,0.17,1
74.2,6,0.15,0
74.3,5,0.2,1
74.3,6,0.1,0
74.4,5,0.22,1
74.4,6,0.15,0
74.5,5,0.11,1
74.5,6,0.3,0
74.6,5,0.12,1
74.6,6,0.24,0
74.7,5,0.09,1
74.7,6,0.2,0
74.8,5,0.07,1
74.8,6,0.19,0
74.9,5,0.3,1
74.9,6,0.16,0
75.0,5,0.26,1
75.0,6,0.16,0
75.1,5,0.15,0
75.1,6,0.13,0
75.2,5,0.1,0
75.2,6,0.12,0
75.3,5,0.24,0
75.3,6,0.35,0
75.4,5,0.3,0
75.4,6,0.36,0
75.5,5,0.28,0
75.5,6,0.2,0
75.6,5,0.21,0
75.6,6,0.18,0
75.7,5,0.26,0
75.7,6,0.36,0
75.8,5,0.33,0
75.8,6,0.43,0
75.9,5,0.28,0
75.9,6,0.46,0
76.0,5,0.28,0
76.0,6,0.37,0
76.1,5,0.36,0
76.1,6,0.38,0
76.2,5,0.38,0
76.2,6,0.39,0
76.3,5,0.34,0
76.3,6,0.42,0
76.4,5,0.34,0
76.4,6,0.43,0
76.5,5,0.29,0
76.5,6,0.43,1
76.6,5,0.2,0
76.6,6,0.46,1
76.7,5,0.18,0
76.7,6,0.45,1
76.8,5,0.19,0
76.8,6,0.39,1
76.9,5,0.16,0
76.9,6,0.3,1
77.0,5,0.18,0
77.0,6,0.4,1
77.1,5,0.06,0
77.1,6,0.48,1
77.2,5,0.08,0
77.2,6,0.54,1
77.3,5,0.36,0
77.3,6,0.54,1
77.4,5,0.27,0
77.4,6,0.45,1
77.5,5,0.41,0
77.5,6,0.46,1
77.6,5,0.32,0
77.6,6,0.5,1
77.7,5,0.38,0
77.7,6,0.48,1
77.8,5,0.37,0
77.8,6,0.51,1
77.9,5,0.4,0
77.9,6,0.53,1
78.0,5,0.43,0
78.0,6,0.28,1
78.1,5,0.4,0
78.1,6,0.29,1
78.2,5,0.44,0
78.2,6,0.39,1
78.3,5,0.45,0
78.3,6,0.53,1
78.4,5,0.36,0
78.4,6,0.46,1
78.5,5,0.38,0
78.5,6,0.57,1
78.6,5,0.39,0
78.6,6,0.39,1
78.7,5,0.24,0
78.7,6,0.33,1
78.8,5,0.24,0
78.8,6,0.35,1
78.9,5,0.31,0
78.9,6,0.4,1
79.0,5,0.3,0
79.0,6,0.39,1
79.1,5,0.36,0
79.1,6,0.28,1
79.2,5,0.35,0
79.2,6,0.66,1
79.3,5,0.33,0
79.3,6,0.69,0
79.4,5,0.37,0
79.4,6,0.41,0
79.5,5,0.45,0
79.5,6,0.35,0
79.6,5,0.43,0
79.6,6,0.26,0
79.7,5,0.41,0
79.7,6,0.34,0
79.8,5,0.38,0
79.8,6,0.3,0
79.9,5,0.27,0
79.9,6,0.34,0
80.0,5,0.24,0
80.0,6,0.18,0
80.1,5,0.02,0
80.1,6,0.24,0
80.2,5,0.11,0
80.2,6,0.27,0
80.3,5,0.23,0
80.3,6,0.19,0
80.4,5,0.34,0
80.4,6,0.16,0
80.5,5,0.42,0
80.5,6,0.32,0
80.6,5,0.6,0
80.6,6,0.23,0
80.7,5,0.37,0
80.7,6,0.15,0
80.8,5,0.45,0
80.8,6,0.12,0
80.9,5,0.3,0
80.9,6,0.27,0
81.0,5,0.35,0
81.0,6,0.25,0
81.1,5,0.4,0
81.1,6,0.4,0
81.2,5,0.48,0
81.2,6,0.53,0
81.3,5,0.34,0
81.3,6,0.56,0
81.4,5,0.32,0
81.4,6,0.5,0
81.5,5,0.31,0
81.5,6,0.42,0
81.6,5,0.35,0
81.6,6,0.51,0
81.7,5,0.3,0
81.7,6,0.47,0
81.8,5,0.29,0
81.8,6,0.49,0
81.9,5,0.44,0
81.9,6,0.53,0
82.0,5,0.33,0
82.0,6,0.48,0
82.1,5,0.33,0
82.1,6,0.5,0
82.2,5,0.43,0
82.2,6,0.45,0
82.3,5,0.38,0
82.3,6,0.37,0
82.4,5,0.37,0
82.4,6,0.51,0
82.5,5,0.38,0
82.5,6,0.51,0
82.6,5,0.23,0
82.6,6,0.35,0
82.7,5,0.28,0
82.7,6,0.41,0
82.8,5,0.27,0
82.8,6,0.37,0
82.9,5,0.26,0
82.9,6,0.17,0
83.0,5,0.24,0
83.0,6,0.09,0
83.1,5,0.24,0
83.1,6,0.11,0
83.2,5,0.36,0
83.2,6,0.11,0
83.3,5,0.47,0
83.3,6,0.12,0
83.4,5,0.43,0
83.4,6,0.14,0
83.5,5,0.23,0
83.5,6,0.18,0
83.6,5,0.16,0
83.6,6,0.25,0
83.7,5,0.21,0
83.7,6,0.27,0
83.8,5,0.31,0
83.8,6,0.27,0
83.9,5,0.55,0
83.9,6,0.32,0
84.0,5,0.55,0
84.0,6,0.33,0
84.1,5,0.48,0
84.1,6,0.36,0
84.2,5,0.46,0
84.2,6,0.32,0
84.3,5,0.46,0
84.3,6,0.31,0
84.4,5,0.44,0
84.4,6,0.33,0
84.5,5,0.47,0
84.5,6,0.24,0
84.6,5,0.45,0
84.6,6,0.26,0
84.7,5,0.44,0
84.7,6,0.22,0
84.8,5,0.35,0
84.8,6,0.37,0
84.9,5,0.24,0
84.9,6,0.3,0
85.0,5,0.26,0
85.0,6,0.16,0
85.1,5,0.5,0
85.1,6,0.26,0
85.2,5,0.43,0
85.2,6,0.17,0
85.3,5,0.35,0
85.3,6,0.15,0
85.4,5,0.13,0
85.4,6,0.07,0
85.5,5,0.16,0
85.5,6,0.06,0
85.6,5,0.1,0
85.6,6,0.03,0
85.6,7,0.28,0
85.7,5,0.15,0
85.7,6,0.05,0
85.7,7,0.25,0
85.8,5,0.19,0
85.8,6,0.05,0
85.8,7,0.32,0
85.9,5,0.3,0
85.9,6,0.06,0
85.9,7,0.29,0
86.0,5,0.22,0
86.0,6,0.2,0
86.0,7,0.25,0
86.1,5,0.16,0
86.1,6,0.21,0
86.1,7,0.49,0
86.2,5,0.18,0
86.2,6,0.22,0
86.2,7,0.49,0
86.3,5,0.24,0
86.3,6,0.25,0
86.3,7,0.48,0
86.4,5,0.25,0
86.4,6,0.35,0
86.4,7,0.45,0
86.5,5,0.43,0
86.5,6,0.35,0
86.5,7,0.48,0
86.6,5,0.34,0
86.6,6,0.3,0
86.6,7,0.46,0
86.7,5,0.39,0
86.7,6,0.28,0
86.7,7,0.3,0
86.8,5,0.28,0
86.8,6,0.4,0
86.8,7,0.14,0
86.9,5,0.14,0
86.9,6,0.19,0
86.9,7,0.12,0
87.0,5,0.17,0
87.0,6,0.11,0
87.0,7,0.17,0
87.1,5,0.21,0
87.1,6,0.3,0
87.1,7,0.15,0
87.2,5,0.34,0
87.2,6,0.18,0
87.2,7,0.26,0
87.3,5,0.3,0
87.3,6,0.14,0
87.3,7,0.24,0
87.4,5,0.42,0
87.4,6,0.2,0
87.4,7,0.31,0
87.5,5,0.4,0
87.5,6,0.27,0
87.5,7,0.4,0
87.6,5,0.47,0
87.6,6,0.25,0
87.6,7,0.42,0
87.7,5,0.49,0
87.7,6,0.27,0
87.7,7,0.27,0
87.8,5,0.56,0
87.8,6,0.33,0
87.8,7,0.39,0
87.9,5,0.46,0
87.9,6,0.45,0
87.9,7,0.44,0
88.0,5,0.48,0
88.0,6,0.42,0
88.0,7,0.5,0
88.1,5,0.43,0
88.1,6,0.48,0
88.1,7,0.16,0
88.2,5,0.21,0
88.2,6,0.57,0
88.2,7,0.2,0
88.3,5,0.35,0
88.3,6,0.52,0
88.3,7,0.13,0
88.4,5,0.35,0
88.4,6,0.54,0
88.4,7,0.28,0
88.5,5,0.21,0
88.5,6,0.46,0
88.5,7,0.26,0
88.6,5,0.21,0
88.6,6,0.55,0
88.6,7,0.33,1
88.7,5,0.21,0
88.7,6,0.32,0
88.7,7,0.32,1
88.8,5,0.04,0
88.8,6,0.32,0
88.8,7,0.27,1
88.9,5,0.15,0
88.9,6,0.43,0
88.9,7,0.28,1
89.0,5,0.2,0
89.0,6,0.42,0
89.0,7,0.22,1
89.1,5,0.25,0
89.1,6,0.46,0
89.1,7,0.29,1
89.2,5,0.2,0
89.2,6,0.4,0
89.2,7,0.25,1
89.3,5,0.27,0
89.3,6,0.18,0
89.3,7,0.31,1
89.4,5,0.32,0
89.4,6,0.33,0
89.4,7,0.3,1
89.5,5,0.36,0
89.5,6,0.29,0
89.5,7,0.28,1
89.6,5,0.38,0
89.6,6,0.29,0
89.6,7,0.32,1
89.7,5,0.39,0
89.7,6,0.2,0
89.7,7,0.27,1
89.8,5,0.34,0
89.8,6,0.22,0
89.8,7,0.22,1
89.9,5,0.39,0
89.9,6,0.19,0
89.9,7,0.29,1
90.0,5,0.32,0
90.0,6,0.07,0
90.0,7,0.24,1
90.1,5,0.19,0
90.1,6,0.2,0
90.1,7,0.35,1
90.2,5,0.22,0
90.2,6,0.15,0
90.2,7,0.26,1
90.3,5,0.26,0
90.3,6,0.09,0
90.3,7,0.23,1
90.4,5,0.24,0
90.4,6,0.16,0
90.4,7,0.18,1
90.5,5,0.2,0
90.5,6,0.13,0
90.5,7,0.18,1
90.6,5,0.23,0
90.6,6,0.09,0
90.6,7,0.14,1
90.7,5,0.3,0
90.7,6,0.22,0
90.7,7,0.47,1
90.8,5,0.29,0
90.8,6,0.21,0
90.8,7,0.42,1
90.9,5,0.12,0
90.9,6,0.51,0
90.9,7,0.26,1
91.0,5,0.26,0
91.0,6,0.35,0
91.0,7,0.38,1
91.1,5,0.36,0
91.1,6,0.34,0
91.1,7,0.32,1
91.2,5,0.4,0
91.2,6,0.38,0
91.2,7,0.27,1
91.3,5,0.21,0
91.3,6,0.29,0
91.3,7,0.74,1
91.4,5,0.25,0
91.4,6,0.33,0
91.4,7,0.68,1
91.5,5,0.28,0
91.5,6,0.38,0
91.5,7,0.59,1
91.6,5,0.33,0
91.6,6,0.37,0
91.6,7,0.61,1
91.7,5,0.4,0
91.7,6,0.32,0
91.7,7,0.63,1
91.8,5,0.32,0
91.8,6,0.32,0
91.8,7,0.62,1
91.9,6,0.19,0
91.9,7,0.61,1
92.0,6,0.18,0
92.0,7,0.65,1
92.1,6,0.18,0
92.1,7,0.65,1
92.2,6,0.19,0
92.2,7,0.67,1
92.3,6,0.12,0
92.3,7,0.23,1
92.4,6,0.23,0
92.4,7,0.43,1
92.5,6,0.28,0
92.5,7,0.4,1
92.6,6,0.3,0
92.6,7,0.44,1
92.7,6,0.25,0
92.7,7,0.48,1
92.8,6,0.27,0
92.8,7,0.38,1
92.9,6,0.27,0
92.9,7,0.48,1
93.0,6,0.26,0
93.0,7,0.46,1
93.1,6,0.27,0
93.1,7,0.37,1
93.2,6,0.39,0
93.2,7,0.45,1
93.3,6,0.44,0
93.3,7,0.52,1
93.4,6,0.42,0
93.4,7,0.49,1
93.5,6,0.41,0
93.5,7,0.38,1
93.6,6,0.37,0
93.6,7,0.49,1
93.7,6,0.26,0
93.7,7,0.47,1
93.8,6,0.45,0
93.8,7,0.46,1
93.9,6,0.4,0
93.9,7,0.43,1
94.0,6,0.42,0
94.0,7,0.31,1
94.1,6,0.3,0
94.1,7,0.38,1
94.2,6,0.33,0
94.2,7,0.25,1
94.3,6,0.4,0
94.3,7,0.3,1
94.4,6,0.41,0
94.4,7,0.3,1
94.5,6,0.47,0
94.5,7,0.4,1
94.6,6,0.44,0
94.6,7,0.31,1
94.7,6,0.3,0
94.7,7,0.39,1
94.8,6,0.37,0
94.8,7,0.38,1
94.9,6,0.34,0
94.9,7,0.39,1
95.0,6,0.29,0
95.0,7,0.33,1
95.1,6,0.27,0
95.1,7,0.54,1
95.2,6,0.41,0
95.2,7,0.52,1
95.3,6,0.47,0
95.3,7,0.51,1
95.4,6,0.53,0
95.4,7,0.52,1
95.5,6,0.5,0
95.5,7,0.42,1
95.6,6,0.58,0
95.6,7,0.42,1
95.7,6,0.45,0
95.7,7,0.43,1
95.8,6,0.44,0
95.8,7,0.4,1
95.9,6,0.28,0
95.9,7,0.41,1
96.0,6,0.31,0
96.0,7,0.38,1
96.1,7,0.29,1
96.2,7,0.2,1
96.3,7,0.11,1
96.4,7,0.08,1
96.5,7,0.26,1
96.6,7,0.31,1
96.7,7,0.31,1
96.8,7,0.31,1
96.9,7,0.31,1
97.0,7,0.08,1
97.1,7,0.25,1
97.2,7,0.12,1
97.3,7,0.16,1
97.4,7,0.21,1
97.5,7,0.25,1
97.6,7,0.36,1
97.7,7,0.3,1
97.7,8,0.23,0
97.8,7,0.32,1
97.8,8,0.23,0
97.9,7,0.3,1
97.9,8,0.17,0
98.0,7,0.14,1
98.0,8,0.13,0
98.1,7,0.17,1
98.1,8,0.13,0
98.2,7,0.19,1
98.2,8,0.19,0
98.3,7,0.4,1
98.3,8,0.27,0
98.4,7,0.34,1
98.4,8,0.3,0
98.5,7,0.19,1
98.5,8,0.29,0
98.6,7,0.13,1
98.6,8,0.26,0
98.7,7,0.1,1
98.7,8,0.24,0
98.8,7,0.17,1
98.8,8,0.29,0
98.9,7,0.31,1
98.9,8,0.26,0
99.0,7,0.55,1
99.0,8,0.16,0
99.1,7,0.56,1
99.1,8,0.25,0
99.2,7,0.59,1
99.2,8,0.2,0
99.3,7,0.58,1
99.3,8,0.22,0
99.4,7,0.59,1
99.4,8,0.17,0
99.5,7,0.55,1
99.5,8,0.33,0
99.6,7,0.5,1
99.6,8,0.29,0
99.7,7,0.53,1
99.7,8,0.32,0
99.8,7,0.52,1
99.8,8,0.3,0
99.9,7,0.58,1
99.9,8,0.25,0
100.0,7,0.46,1
100.0,8,0.2,0
100.1,7,0.42,1
100.1,8,0.36,0
100.2,7,0.45,1
100.2,8,0.28,0
100.3,7,0.46,1
100.3,8,0.21,0
100.4,7,0.34,1
100.4,8,0.35,0
100.5,7,0.32,1
100.5,8,0.05,0
100.6,7,0.29,1
100.6,8,0.1,0
100.7,7,0.28,1
100.7,8,0.13,1
100.8,7,0.15,1
100.8,8,0.12,1
100.9,7,0.16,1
100.9,8,0.14,1
101.0,7,0.17,1
101.0,8,0.18,1
101.1,7,0.24,1
101.1,8,0.25,1
101.2,7,0.31,1
101.2,8,0.26,1
101.3,7,0.25,1
101.3,8,0.25,1
101.4,7,0.31,1
101.4,8,0.37,1
101.5,7,0.39,1
101.5,8,0.34,1
101.6,7,0.34,1
101.6,8,0.41,1
101.7,7,0.29,1
101.7,8,0.41,1
101.8,7,0.31,1
101.8,8,0.67,1
101.9,7,0.36,1
101.9,8,0.67,1
102.0,7,0.31,1
102.0,8,0.59,1
102.1,7,0.51,1
102.1,8,0.52,1
102.2,7,0.46,1
102.2,8,0.51,1
102.3,7,0.49,1
102.3,8,0.41,1
102.4,7,0.54,1
102.4,8,0.39,1
102.5,7,0.48,1
102.5,8,0.29,1
102.6,7,0.48,1
102.6,8,0.33,1
102.7,7,0.29,1
102.7,8,0.19,1
102.8,7,0.34,1
102.8,8,0.18,1
102.9,7,0.25,1
102.9,8,0.29,1
103.0,7,0.18,1
103.0,8,0.32,1
103.1,7,0.2,1
103.1,8,0.34,1
103.2,7,0.21,1
103.2,8,0.19,1
103.3,7,0.2,1
103.3,8,0.2,1
103.4,7,0.2,1
103.4,8,0.57,1
103.5,7,0.32,1
103.5,8,0.54,1
103.6,7,0.32,1
103.6,8,0.55,1
103.7,7,0.31,1
103.7,8,0.57,1
103.8,7,0.37,1
103.8,8,0.54,1
103.9,7,0.36,1
103.9,8,0.58,1
104.0,7,0.37,1
104.0,8,0.62,1
104.1,7,0.5,1
104.1,8,0.51,1
104.2,7,0.6,1
104.2,8,0.56,1
104.3,7,0.54,1
104.3,8,0.55,1
104.4,7,0.5,1
104.4,8,0.31,1
104.5,7,0.34,1
104.5,8,0.35,1
104.6,7,0.59,1
104.6,8,0.39,1
104.7,7,0.51,1
104.7,8,0.35,1
104.8,7,0.57,1
104.8,8,0.28,1
104.9,7,0.54,1
104.9,8,0.21,1
105.0,7,0.43,1
105.0,8,0.18,1
105.1,7,0.44,0
105.1,8,0.12,0
105.2,7,0.39,0
105.2,8,0.18,0
105.3,7,0.42,0
105.3,8,0.2,0
105.4,7,0.55,0
105.4,8,0.13,0
105.5,7,0.47,0
105.5,8,0.14,0
105.6,7,0.4,0
105.6,8,0.21,0
105.7,7,0.43,0
105.7,8,0.32,0
105.8,7,0.44,0
105.8,8,0.3,0
105.9,7,0.34,0
105.9,8,0.3,0
106.0,7,0.51,0
106.0,8,0.26,0
106.1,7,0.37,0
106.1,8,0.16,0
106.2,7,0.43,0
106.2,8,0.4,0
106.3,7,0.49,0
106.3,8,0.51,0
106.4,7,0.3,0
106.4,8,0.48,0
106.5,7,0.3,0
106.5,8,0.47,0
106.6,7,0.28,0
106.6,8,0.24,0
106.7,7,0.16,0
106.7,8,0.28,0
106.8,7,0.16,0
106.8,8,0.17,0
106.9,7,0.27,0
106.9,8,0.26,0
107.0,7,0.28,0
107.0,8,0.16,0
107.1,7,0.16,0
107.1,8,0.23,0
107.2,7,0.14,0
107.2,8,0.21,0
107.3,7,0.15,0
107.3,8,0.16,0
107.4,7,0.06,0
107.4,8,0.18,0
107.5,7,0.05,0
107.5,8,0.11,0
107.6,7,0.08,0
107.6,8,0.21,0
107.7,7,0.19,0
107.7,8,0.25,0
107.8,7,0.14,0
107.8,8,0.23,0
107.9,7,0.1,0
107.9,8,0.07,0
108.0,7,0.22,0
108.0,8,0.16,0
108.1,7,0.23,0
108.1,8,0.21,0
108.2,7,0.23,0
108.2,8,0.12,0
108.3,7,0.19,0
108.3,8,0.4,0
108.4,7,0.18,0
108.4,8,0.13,0
108.5,7,0.29,0
108.5,8,0.12,0
108.6,7,0.45,0
108.6,8,0.13,0
108.7,7,0.39,0
108.7,8,0.3,0
108.8,7,0.53,0
108.8,8,0.21,0
108.9,7,0.48,0
108.9,8,0.28,0
109.0,7,0.54,0
109.0,8,0.14,0
109.1,7,0.46,0
109.1,8,0.15,0
109.2,7,0.32,0
109.2,8,0.21,0
109.3,7,0.11,0
109.3,8,0.05,0
109.4,7,0.1,0
109.4,8,0.07,0
109.5,7,0.16,0
109.5,8,0.04,0
109.6,7,0.2,0
109.6,8,0.2,0
109.7,7,0.26,0
109.7,8,0.15,0
109.8,7,0.3,0
109.8,8,0.11,0
109.8,9,0.37,0
109.9,7,0.31,0
109.9,8,0.1,0
109.9,9,0.42,0
110.0,7,0.28,0
110.0,8,0.25,0
110.0,9,0.43,0
110.1,7,0.3,0
110.1,8,0.37,0
110.1,9,0.36,0
110.2,7,0.37,0
110.2,8,0.4,0
110.2,9,0.35,0
110.3,7,0.41,0
110.3,8,0.44,0
110.3,9,0.35,0
110.4,7,0.42,0
110.4,8,0.41,0
110.4,9,0.39,0
110.5,7,0.47,0
110.5,8,0.33,0
110.5,9,0.3,0
110.6,7,0.39,0
110.6,8,0.34,0
110.6,9,0.36,0
110.7,7,0.39,0
110.7,8,0.3,0
110.7,9,0.31,0
110.8,7,0.33,0
110.8,8,0.29,0
110.8,9,0.36,0
110.9,7,0.36,0
110.9,8,0.43,0
110.9,9,0.35,0
111.0,7,0.37,0
111.0,8,0.33,0
111.0,9,0.26,0
111.1,7,0.5,0
111.1,8,0.3,0
111.1,9,0.27,0
111.2,7,0.51,0
111.2,8,0.25,0
111.2,9,0.31,0
111.3,7,0.45,0
111.3,8,0.19,0
111.3,9,0.31,0
111.4,7,0.45,0
111.4,8,0.21,0
111.4,9,0.28,0
111.5,7,0.48,0
111.5,8,0.17,0
111.5,9,0.37,0
111.6,7,0.41,0
111.6,8,0.11,0
111.6,9,0.36,0
111.7,7,0.48,0
111.7,8,0.13,0
111.7,9,0.46,0
111.8,7,0.42,0
111.8,8,0.17,0
111.8,9,0.46,0
111.9,7,0.51,0
111.9,8,0.24,0
111.9,9,0.34,0
112.0,7,0.57,0
112.0,8,0.17,0
112.0,9,0.38,0
112.1,7,0.47,0
112.1,8,0.23,0
112.1,9,0.46,0
112.2,7,0.15,0
112.2,8,0.29,0
112.2,9,0.47,0
112.3,7,0.13,0
112.3,8,0.21,0
112.3,9,0.49,0
112.4,7,0.22,0
112.4,8,0.19,0
112.4,9,0.49,0
112.5,7,0.23,0
112.5,8,0.28,0
112.5,9,0.42,0
112.6,7,0.07,0
112.6,8,0.31,0
112.6,9,0.43,0
112.7,7,0.13,0
112.7,8,0.37,0
112.7,9,0.55,0
112.8,7,0.12,0
112.8,8,0.52,0
112.8,9,0.45,1
112.9,7,0.08,0
112.9,8,0.48,0
112.9,9,0.57,1
113.0,7,0.13,0
113.0,8,0.31,0
113.0,9,0.47,1
113.1,7,0.16,0
113.1,8,0.28,0
113.1,9,0.43,1
113.2,7,0.34,0
113.2,8,0.23,0
113.2,9,0.37,1
113.3,7,0.54,0
113.3,8,0.38,0
113.3,9,0.2,1
113.4,7,0.54,0
113.4,8,0.35,0
113.4,9,0.27,1
113.5,7,0.51,0
113.5,8,0.39,0
113.5,9,0.21,1
113.6,7,0.53,0
113.6,8,0.35,0
113.6,9,0.19,1
113.7,7,0.56,0
113.7,8,0.31,0
113.7,9,0.31,1
113.8,7,0.6,0
113.8,8,0.27,0
113.8,9,0.31,1
113.9,7,0.51,0
113.9,8,0.29,0
113.9,9,0.33,1
114.0,7,0.52,0
114.0,8,0.36,0
114.0,9,0.11,1
114.1,7,0.53,0
114.1,8,0.28,0
114.1,9,0.09,1
114.2,7,0.56,0
114.2,8,0.16,0
114.2,9,0.12,1
114.3,7,0.46,0
114.3,8,0.04,0
114.3,9,0.14,1
114.4,7,0.5,0
114.4,8,0.08,0
114.4,9,0.18,1
114.5,7,0.42,0
114.5,8,0.2,0
114.5,9,0.3,1
114.6,7,0.29,0
114.6,8,0.11,0
114.6,9,0.27,1
114.7,7,0.33,0
114.7,8,0.09,0
114.7,9,0.29,1
114.8,7,0.27,0
114.8,8,0.25,0
114.8,9,0.3,1
114.9,7,0.17,0
114.9,8,0.25,0
114.9,9,0.38,1
115.0,7,0.13,0
115.0,8,0.39,0
115.0,9,0.36,1
115.1,7,0.24,0
115.1,8,0.28,0
115.1,9,0.45,1
115.2,7,0.24,0
115.2,8,0.32,0
115.2,9,0.45,1
115.3,7,0.22,0
115.3,8,0.32,0
115.3,9,0.45,1
115.4,7,0.17,0
115.4,8,0.31,0
115.4,9,0.44,1
115.5,7,0.27,0
115.5,8,0.26,0
115.5,9,0.67,1
115.6,7,0.4,0
115.6,8,0.3,0
115.6,9,0.73,0
115.7,7,0.38,0
115.7,8,0.29,0
115.7,9,0.4,0
115.8,7,0.32,0
115.8,8,0.38,0
115.8,9,0.39,0
115.9,7,0.39,0
115.9,8,0.46,0
115.9,9,0.4,0
116.0,7,0.41,0
116.0,8,0.52,0
116.0,9,0.44,0
116.1,7,0.45,0
116.1,8,0.36,0
116.1,9,0.35,0
116.2,7,0.41,0
116.2,8,0.36,0
116.2,9,0.44,0
116.3,7,0.44,0
116.3,8,0.37,0
116.3,9,0.42,0
116.4,7,0.38,0
116.4,8,0.37,0
116.4,9,0.41,0
116.5,7,0.4,0
116.5,8,0.28,0
116.5,9,0.33,0
116.6,7,0.46,0
116.6,8,0.3,0
116.6,9,0.42,0
116.7,7,0.34,0
116.7,8,0.29,0
116.7,9,0.41,0
116.8,7,0.55,0
116.8,8,0.25,0
116.8,9,0.42,0
116.9,7,0.52,0
116.9,8,0.26,0
116.9,9,0.42,0
117.0,7,0.53,0
117.0,8,0.27,0
117.0,9,0.42,0
117.1,7,0.33,0
117.1,8,0.21,0
117.1,9,0.39,0
117.2,7,0.36,0
117.2,8,0.26,0
117.2,9,0.33,0
117.3,7,0.41,0
117.3,8,0.38,0
117.3,9,0.2,0
117.4,7,0.35,0
117.4,8,0.34,0
117.4,9,0.09,0
117.5,7,0.37,0
117.5,8,0.4,0
117.5,9,0.08,0
117.6,7,0.45,0
117.6,8,0.46,0
117.6,9,0.13,0
117.7,7,0.52,0
117.7,8,0.44,0
117.7,9,0.07,0
117.8,7,0.44,0
117.8,8,0.33,0
117.8,9,0.08,0
117.9,7,0.42,0
117.9,8,0.36,0
117.9,9,0.17,0
118.0,7,0.29,0
118.0,8,0.23,0
118.0,9,0.16,0
118.1,7,0.35,0
118.1,8,0.27,0
118.1,9,0.12,0
118.2,7,0.45,0
118.2,8,0.31,0
118.2,9,0.1,0
118.3,7,0.45,0
118.3,8,0.36,0
118.3,9,0.08,0
118.4,7,0.47,0
118.4,8,0.36,0
118.4,9,0.24,0
118.5,7,0.47,0
118.5,8,0.34,0
118.5,9,0.32,0
118.6,7,0.49,0
118.6,8,0.49,0
118.6,9,0.34,0
118.7,7,0.34,0
118.7,8,0.51,0
118.7,9,0.37,0
118.8,7,0.38,0
118.8,8,0.44,0
118.8,9,0.41,0
118.9,7,0.36,0
118.9,8,0.37,0
118.9,9,0.4,0
119.0,7,0.39,0
119.0,8,0.41,0
119.0,9,0.55,0
119.1,7,0.34,0
119.1,8,0.23,0
119.1,9,0.54,0
119.2,7,0.39,0
119.2,8,0.23,0
119.2,9,0.65,0
119.3,7,0.34,0
119.3,8,0.14,0
119.3,9,0.59,0
119.4,7,0.33,0
119.4,8,0.12,0
119.4,9,0.57,0
119.5,7,0.2,0
119.5,8,0.11,0
119.5,9,0.35,0
119.6,7,0.43,0
119.6,8,0.07,0
119.6,9,0.26,0
119.7,7,0.43,0
119.7,8,0.09,0
119.7,9,0.33,0
119.8,7,0.41,0
119.8,8,0.1,0
119.8,9,0.23,0
119.9,7,0.36,0
119.9,8,0.09,0
119.9,9,0.37,0
120.0,7,0.36,0
120.0,8,0.19,0
120.0,9,0.33,0
