avg_wait,p95_wait,avg_delay,p95_delay,near_misses,severe_conflicts,min_ttc_observed,extensions,ped_type_waits,Controller
8.320689655172426,28.700000000000138,5.103571428571423,18.314999999999984,1,158,0.43559459025431363,0,"{'normal': [0.1, 0.1, 0.1, 0.1, 21.80000000000004, 9.199999999999983, 0.1], 'slow_walker': [], 'distracted': [2.1000000000000005, 13.699999999999967], 'elderly': [29.000000000000142, 1.6000000000000003, 1.6000000000000003, 22.000000000000043], 'child': [1.2], 'hurried': [11.099999999999977, 16.79999999999997], 'paired_group': [19.400000000000006, 19.400000000000006, 6.8999999999999915, 6.8999999999999915, 28.700000000000138, 28.700000000000138, 0.1, 0.1, 0.1, 0.1]}",FixedTime
5.215384615384618,21.92500000000004,5.188288288288285,19.550000000000008,0,174,0.46894160911927607,0,"{'normal': [9.99999999999998, 0.1, 18.599999999999994, 5.4999999999999964, 27.40000000000012, 1.6000000000000003, 0.1, 0.1, 23.000000000000057, 0.1], 'slow_walker': [9.299999999999983, 0.1], 'distracted': [9.699999999999982, 2.1000000000000005], 'elderly': [7.29999999999999], 'child': [1.2, 18.699999999999996], 'hurried': [0.1, 0.1], 'paired_group': [0.1, 0.1, 0.1, 0.1]}",FixedTime
7.438461538461544,24.00000000000007,5.420535714285713,20.845000000000024,3,338,0.35151774913220485,0,"{'normal': [0.1, 29.100000000000144, 0.1, 0.1, 23.400000000000063], 'slow_walker': [5.399999999999997, 0.1, 0.1], 'distracted': [2.1000000000000005, 22.50000000000005, 2.1000000000000005, 2.600000000000001, 12.89999999999997], 'elderly': [4.6, 1.6000000000000003], 'child': [24.200000000000074], 'hurried': [0.1], 'paired_group': [0.1, 0.1, 16.79999999999997, 16.79999999999997, 12.99999999999997, 12.99999999999997]}",FixedTime
7.316129032258068,26.200000000000102,5.828440366972479,23.080000000000055,0,262,0.452769256906871,0,"{'normal': [0.1, 0.1], 'slow_walker': [], 'distracted': [2.1000000000000005, 2.1000000000000005, 2.1000000000000005, 2.1000000000000005, 9.799999999999981], 'elderly': [16.399999999999963, 1.6000000000000003, 1.6000000000000003, 1.6000000000000003, 1.6000000000000003], 'child': [], 'hurried': [25.40000000000009, 21.400000000000034], 'paired_group': [9.699999999999982, 9.699999999999982, 5.999999999999995, 5.999999999999995, 27.000000000000114, 27.000000000000114, 14.599999999999964, 14.599999999999964, 11.799999999999974, 11.799999999999974, 0.1, 0.1, 0.1, 0.1]}",FixedTime
6.453571428571435,24.995000000000086,4.293859649122804,16.65499999999996,1,283,0.45922396482985905,0,"{'normal': [0.1, 0.1, 0.1, 10.19999999999998, 0.1, 20.50000000000002], 'slow_walker': [4.4, 0.1], 'distracted': [15.99999999999996, 3.2000000000000015, 2.1000000000000005, 2.1000000000000005], 'elderly': [15.99999999999996], 'child': [25.100000000000087], 'hurried': [0.1, 24.800000000000082], 'paired_group': [0.1, 0.1, 5.899999999999995, 5.899999999999995, 0.1, 0.1, 7.699999999999989, 7.699999999999989]}",FixedTime
6.95416666666667,24.25500000000007,4.912499999999995,18.564999999999973,2,166,0.4179005670944945,0,"{'normal': [0.1, 0.1, 0.1, 6.399999999999993, 28.300000000000132, 15.399999999999961, 3.0000000000000013, 24.60000000000008, 0.1, 0.1], 'slow_walker': [], 'distracted': [2.1000000000000005, 2.1000000000000005], 'elderly': [1.6000000000000003], 'child': [17.59999999999998, 10.29999999999998, 1.2], 'hurried': [0.1, 22.300000000000047, 9.89999999999998, 0.1], 'paired_group': [10.599999999999978, 10.599999999999978]}",FixedTime
4.9379310344827605,20.080000000000013,4.967256637168137,17.239999999999966,0,173,0.4374054519684962,0,"{'normal': [0.1, 0.1, 0.1, 27.900000000000126, 0.1, 0.1, 0.1, 19.60000000000001], 'slow_walker': [18.19999999999999], 'distracted': [], 'elderly': [8.199999999999987, 12.299999999999972, 8.199999999999987, 1.6000000000000003], 'child': [], 'hurried': [0.1, 20.40000000000002, 7.499999999999989], 'paired_group': [0.1, 0.1, 2.0000000000000004, 2.0000000000000004, 0.1, 0.1, 6.8999999999999915, 6.8999999999999915, 0.1, 0.1]}",FixedTime
7.577777777777784,26.020000000000095,4.724561403508766,17.104999999999972,0,252,0.44736035925017587,0,"{'normal': [0.1, 5.399999999999997, 0.1, 0.1, 2.800000000000001, 0.1, 12.69999999999997, 0.1, 0.1], 'slow_walker': [4.899999999999999, 0.1, 19.60000000000001], 'distracted': [], 'elderly': [16.499999999999964], 'child': [], 'hurried': [0.1, 0.9999999999999999, 9.599999999999982, 0.1], 'paired_group': [0.1, 0.1, 27.700000000000124, 27.700000000000124, 15.59999999999996, 15.59999999999996, 22.100000000000044, 22.100000000000044]}",FixedTime
7.200000000000011,26.980000000000103,4.5017857142857105,16.409999999999947,5,381,0.45030258026476305,0,"{'normal': [10.399999999999979, 0.1, 0.1, 15.69999999999996, 2.800000000000001, 0.1, 0.1, 21.00000000000003, 8.499999999999986, 0.1], 'slow_walker': [], 'distracted': [2.1000000000000005], 'elderly': [1.6000000000000003], 'child': [8.999999999999984], 'hurried': [20.40000000000002, 8.099999999999987], 'paired_group': [0.1, 0.1, 0.1, 0.1, 28.700000000000138, 28.700000000000138, 24.400000000000077, 24.400000000000077, 0.1, 0.1, 0.1, 0.1]}",FixedTime
5.968965517241386,25.720000000000088,5.323214285714282,19.490000000000006,0,351,0.4662179572619115,0,"{'normal': [0.1, 7.899999999999988, 0.1, 0.1, 30.000000000000156, 17.59999999999998, 27.200000000000117, 23.500000000000064, 10.799999999999978], 'slow_walker': [14.899999999999963], 'distracted': [], 'elderly': [7.599999999999989, 1.6000000000000003, 1.6000000000000003, 12.499999999999972], 'child': [], 'hurried': [], 'paired_group': [0.1, 0.1, 4.899999999999999, 4.899999999999999, 0.1, 0.1, 1.6000000000000003, 1.6000000000000003, 0.1, 0.1, 0.1, 0.1]}",FixedTime
3.615999999999997,9.45999999999998,4.777678571428567,15.434999999999958,0,297,0.47117664940469844,0,"{'normal': [7.099999999999991, 1.0999999999999999, 5.599999999999996, 0.1, 0.9999999999999999, 3.600000000000002, 5.999999999999995, 0.1, 3.600000000000002, 6.399999999999993], 'slow_walker': [5.599999999999996, 0.1], 'distracted': [9.599999999999982, 9.599999999999982], 'elderly': [6.399999999999993, 8.899999999999984, 1.6000000000000003], 'child': [3.800000000000002], 'hurried': [3.800000000000002], 'paired_group': [3.0000000000000013, 3.0000000000000013, 0.1, 0.1]}",PushButton
3.0576923076923057,7.19999999999999,4.943362831858404,18.299999999999986,2,205,0.40101910993194845,0,"{'normal': [2.700000000000001, 0.1, 0.1, 0.2, 0.1, 0.1, 3.700000000000002], 'slow_walker': [], 'distracted': [2.800000000000001], 'elderly': [1.6000000000000003, 1.6000000000000003, 1.6000000000000003, 3.700000000000002, 8.499999999999986], 'child': [7.19999999999999], 'hurried': [5.999999999999995, 4.5, 7.099999999999991, 4.799999999999999], 'paired_group': [7.19999999999999, 7.19999999999999, 0.1, 0.1, 1.3, 1.3]}",PushButton
2.449999999999998,7.974999999999987,5.284070796460173,17.19999999999996,4,340,0.3802737278699483,0,"{'normal': [5.799999999999995, 5.999999999999995, 0.1, 0.1, 0.2, 0.1, 2.800000000000001], 'slow_walker': [0.1, 2.9000000000000012, 0.1], 'distracted': [2.1000000000000005, 5.4999999999999964], 'elderly': [], 'child': [8.599999999999985], 'hurried': [1.9000000000000006, 0.1, 0.1, 6.099999999999994, 0.1], 'paired_group': [0.1, 0.1, 5.1999999999999975, 5.1999999999999975, 0.4, 0.4]}",PushButton
1.4645161290322568,6.999999999999991,5.0936936936936945,21.05000000000003,2,281,0.35151774913220485,0,"{'normal': [0.1, 6.799999999999992, 0.1, 0.1, 1.3, 4.000000000000002, 0.1, 0.1], 'slow_walker': [0.1, 1.4000000000000001], 'distracted': [7.19999999999999, 9.599999999999982], 'elderly': [1.6000000000000003], 'child': [], 'hurried': [], 'paired_group': [2.400000000000001, 2.400000000000001, 0.1, 0.1, 0.1, 0.1, 2.0000000000000004, 2.0000000000000004, 0.1, 0.1, 0.1, 0.1, 1.4000000000000001, 1.4000000000000001]}",PushButton
2.027999999999999,6.539999999999989,5.655652173913041,18.80999999999999,3,290,0.40101910993194845,0,"{'normal': [4.300000000000001, 6.799999999999992, 1.3, 2.800000000000001, 5.4999999999999964, 0.1, 0.1, 0.1, 0.1], 'slow_walker': [0.1, 0.1], 'distracted': [2.1000000000000005, 2.1000000000000005], 'elderly': [9.099999999999984, 5.4999999999999964, 2.700000000000001], 'child': [], 'hurried': [0.1, 3.600000000000002], 'paired_group': [0.1, 0.1, 0.4, 0.4]}",PushButton
1.7,5.189999999999997,6.579464285714288,23.280000000000058,0,161,0.47117664940469844,0,"{'normal': [5.399999999999997, 0.1, 0.1, 1.0999999999999999, 6.199999999999994, 0.1, 0.1, 0.7, 2.400000000000001, 4.699999999999999, 4.5], 'slow_walker': [0.1, 0.1], 'distracted': [2.1000000000000005], 'elderly': [], 'child': [], 'hurried': [0.1], 'paired_group': [3.3000000000000016, 3.3000000000000016, 3.800000000000002, 3.800000000000002, 0.1, 0.1, 0.1, 0.1, 0.1, 0.1]}",PushButton
1.685714285714285,6.4799999999999915,5.5785714285714265,20.895000000000014,7,375,0.4152925069440902,0,"{'normal': [5.699999999999996, 0.1, 0.1, 1.7000000000000004, 0.1, 4.5, 0.1, 0.1, 1.4000000000000001, 4.000000000000002], 'slow_walker': [], 'distracted': [], 'elderly': [1.6000000000000003, 1.7000000000000004, 1.6000000000000003], 'child': [1.2, 5.099999999999998], 'hurried': [0.1, 0.1], 'paired_group': [0.1, 0.1, 6.8999999999999915, 6.8999999999999915, 0.1, 0.1, 1.3, 1.3]}",PushButton
2.273076923076922,6.099999999999994,6.327927927927929,22.45000000000005,1,576,0.45030258026476305,0,"{'normal': [0.1, 0.1, 0.1, 6.099999999999994, 0.1, 0.1, 0.1, 0.1, 0.1, 1.6000000000000003], 'slow_walker': [0.1, 0.1, 6.099999999999994], 'distracted': [2.600000000000001], 'elderly': [6.099999999999994], 'child': [1.8000000000000005, 4.200000000000001], 'hurried': [], 'paired_group': [5.599999999999996, 5.599999999999996, 3.4000000000000017, 3.4000000000000017, 1.3, 1.3]}",PushButton
2.285185185185183,8.499999999999984,6.604385964912287,26.09500000000009,1,279,0.45030258026476305,0,"{'normal': [3.1000000000000014, 0.1, 3.900000000000002, 5.599999999999996, 0.1, 0.6], 'slow_walker': [0.1, 0.1], 'distracted': [2.1000000000000005, 2.1000000000000005, 6.299999999999994, 9.099999999999984, 9.599999999999982], 'elderly': [3.2000000000000015, 1.6000000000000003], 'child': [], 'hurried': [0.1], 'paired_group': [0.1, 0.1, 0.1, 0.1, 2.1000000000000005, 2.1000000000000005, 0.1, 0.1]}",PushButton
1.7888888888888885,6.119999999999994,11.151304347826109,35.54000000000023,4,364,0.40101910993194845,0,"{'normal': [5.399999999999997, 6.699999999999992, 0.1, 0.1, 0.1, 0.1, 4.999999999999998], 'slow_walker': [0.1, 0.1], 'distracted': [2.1000000000000005], 'elderly': [1.6000000000000003, 5.699999999999996, 1.6000000000000003, 1.6000000000000003, 1.6000000000000003, 1.6000000000000003], 'child': [1.2], 'hurried': [6.299999999999994], 'paired_group': [0.1, 0.1, 0.1, 0.1, 3.4000000000000017, 3.4000000000000017]}",PushButton
2.3680000000000003,5.479999999999991,9.343362831858421,34.300000000000196,2,309,0.45030258026476305,8,"{'normal': [0.1, 3.4000000000000017, 0.1, 2.500000000000001, 0.1], 'slow_walker': [], 'distracted': [2.1000000000000005, 2.400000000000001, 2.1000000000000005, 2.1000000000000005], 'elderly': [1.6000000000000003, 1.6000000000000003, 1.6000000000000003], 'child': [3.800000000000002, 1.2, 3.800000000000002, 3.5000000000000018, 1.2, 3.3000000000000016], 'hurried': [3.800000000000002], 'paired_group': [5.899999999999995, 5.899999999999995, 2.500000000000001, 2.500000000000001]}",Heuristic
1.544444444444444,4.729999999999999,6.453153153153162,29.200000000000145,4,459,0.47255405224512864,8,"{'normal': [2.700000000000001, 0.1, 1.7000000000000004, 3.900000000000002, 0.1, 0.1, 4.999999999999998, 1.4000000000000001, 3.3000000000000016], 'slow_walker': [], 'distracted': [2.1000000000000005, 2.1000000000000005], 'elderly': [1.6000000000000003, 9.099999999999984], 'child': [1.2], 'hurried': [0.1, 4.100000000000001, 0.1, 0.1], 'paired_group': [0.1, 0.1, 1.0999999999999999, 1.0999999999999999, 0.1, 0.1]}",Heuristic
1.6038461538461528,7.19999999999999,7.802654867256647,28.400000000000134,3,316,0.44736035925017587,7,"{'normal': [0.1, 0.1, 0.1, 0.1, 4.300000000000001, 0.1, 0.1, 5.399999999999997], 'slow_walker': [0.1, 0.1, 0.1, 0.1, 0.1], 'distracted': [7.799999999999988, 2.1000000000000005], 'elderly': [4.5, 1.7000000000000004], 'child': [8.699999999999985], 'hurried': [2.700000000000001], 'paired_group': [0.1, 0.1, 1.5000000000000002, 1.5000000000000002]}",Heuristic
1.5185185185185186,4.769999999999999,7.540178571428584,30.100000000000158,4,436,0.45030258026476305,7,"{'normal': [1.9000000000000006, 3.1000000000000014, 0.1, 0.1, 2.400000000000001, 0.1, 0.1, 0.1, 0.9999999999999999, 0.1], 'slow_walker': [], 'distracted': [2.1000000000000005, 2.1000000000000005, 2.1000000000000005, 4.799999999999999], 'elderly': [1.6000000000000003, 1.6000000000000003], 'child': [], 'hurried': [5.599999999999996, 4.699999999999999], 'paired_group': [2.400000000000001, 2.400000000000001, 0.1, 0.1, 0.1, 0.1]}",Heuristic
1.5400000000000003,4.519999999999999,6.5447368421052685,21.600000000000037,3,394,0.35151774913220485,7,"{'normal': [4.300000000000001, 0.1, 1.5000000000000002, 6.099999999999994, 3.1000000000000014, 0.1], 'slow_walker': [0.1, 0.1], 'distracted': [2.1000000000000005], 'elderly': [1.6000000000000003, 1.6000000000000003, 3.0000000000000013], 'child': [], 'hurried': [0.1, 4.699999999999999], 'paired_group': [0.1, 0.1, 3.900000000000002, 3.900000000000002, 0.1, 0.1, 0.7, 0.7, 0.1, 0.1, 2.400000000000001, 2.400000000000001, 1.5000000000000002, 1.5000000000000002]}",Heuristic
1.8115384615384618,3.900000000000002,7.009009009009016,27.50000000000012,1,469,0.44736035925017587,7,"{'normal': [0.1, 0.1, 0.1, 0.1, 0.1, 0.1, 3.1000000000000014, 0.1], 'slow_walker': [], 'distracted': [2.400000000000001, 2.1000000000000005], 'elderly': [3.0000000000000013, 1.6000000000000003, 2.1000000000000005, 1.6000000000000003, 1.6000000000000003], 'child': [], 'hurried': [3.600000000000002, 0.1, 7.29999999999999], 'paired_group': [3.3000000000000016, 3.3000000000000016, 1.7000000000000004, 1.7000000000000004, 3.900000000000002, 3.900000000000002]}",Heuristic
1.9962962962962958,6.789999999999991,9.387610619469042,31.120000000000168,4,322,0.4228147079131963,10,"{'normal': [0.1, 0.1, 0.1, 0.1, 3.0000000000000013, 0.1, 0.1], 'slow_walker': [0.1, 0.1], 'distracted': [4.200000000000001, 2.1000000000000005], 'elderly': [1.6000000000000003, 1.6000000000000003, 1.6000000000000003], 'child': [1.2, 2.9000000000000012], 'hurried': [0.1, 0.1], 'paired_group': [6.999999999999991, 6.999999999999991, 6.299999999999994, 6.299999999999994, 3.900000000000002, 3.900000000000002]}",Heuristic
0.5533333333333332,1.9299999999999988,5.454054054054054,17.899999999999984,4,262,0.06324555320336525,5,"{'normal': [0.1, 2.2000000000000006, 4.699999999999999, 0.1, 0.1, 0.1, 0.1], 'slow_walker': [0.1, 0.1, 0.1], 'distracted': [], 'elderly': [1.6000000000000003, 1.6000000000000003], 'child': [], 'hurried': [0.7999999999999999, 0.1, 0.1], 'paired_group': [0.1, 0.1, 0.1, 0.1, 0.9999999999999999, 0.9999999999999999, 0.1, 0.1, 0.30000000000000004, 0.30000000000000004, 0.1, 0.1]}",Heuristic
1.618518518518518,5.959999999999994,6.315315315315314,21.05000000000003,4,312,0.40101910993194845,6,"{'normal': [3.1000000000000014, 7.099999999999991, 0.1, 0.1, 2.3000000000000007, 4.699999999999999, 0.1, 0.1, 2.400000000000001], 'slow_walker': [0.1, 0.1], 'distracted': [4.699999999999999, 6.499999999999993, 2.1000000000000005], 'elderly': [3.2000000000000015, 1.6000000000000003, 4.4], 'child': [], 'hurried': [0.1], 'paired_group': [0.1, 0.1, 0.1, 0.1, 0.1, 0.1]}",Heuristic
1.6875,5.104999999999997,7.366371681415932,24.540000000000067,1,189,0.4488258603379121,7,"{'normal': [0.1, 3.0000000000000013, 0.1, 0.1, 0.1, 0.1, 3.4000000000000017], 'slow_walker': [], 'distracted': [], 'elderly': [1.6000000000000003, 1.6000000000000003, 3.1000000000000014, 1.6000000000000003, 1.6000000000000003], 'child': [], 'hurried': [0.1], 'paired_group': [5.599999999999996, 5.599999999999996, 0.1, 0.1, 0.2, 0.2, 4.5, 4.5, 1.9000000000000006, 1.9000000000000006, 4.699999999999999, 4.699999999999999, 0.1, 0.1]}",Heuristic
9.003703703703719,28.51000000000013,3.4315789473684166,15.744999999999957,1,272,0.40101910993194845,1,"{'normal': [4.5, 23.800000000000068, 0.1, 0.1, 15.59999999999996, 0.1], 'slow_walker': [5.699999999999996], 'distracted': [31.200000000000173, 2.1000000000000005, 30.400000000000162, 4.699999999999999], 'elderly': [13.999999999999966], 'child': [1.2, 1.2], 'hurried': [11.099999999999977, 17.999999999999986, 11.799999999999974], 'paired_group': [4.4, 4.4, 0.1, 0.1, 24.100000000000072, 24.100000000000072, 0.1, 0.1]}",Smart (Full)
9.226923076923084,26.300000000000104,2.6690265486725626,12.699999999999967,0,201,0.47329640149384017,0,"{'normal': [9.99999999999998, 1.6000000000000003, 0.1, 0.1, 27.700000000000124, 0.1, 22.100000000000044, 9.799999999999981, 29.900000000000155, 17.199999999999974, 4.200000000000001], 'slow_walker': [2.700000000000001], 'distracted': [], 'elderly': [12.099999999999973, 1.6000000000000003], 'child': [], 'hurried': [0.1, 0.1, 0.1], 'paired_group': [14.399999999999965, 14.399999999999965, 20.800000000000026, 20.800000000000026]}",Smart (Full)
10.248000000000008,25.56000000000009,3.9256637168141553,17.51999999999997,0,255,0.4788870082606472,0,"{'normal': [0.1, 11.399999999999975, 0.1, 25.700000000000095, 12.79999999999997, 0.1, 20.30000000000002, 7.699999999999989], 'slow_walker': [5.399999999999997, 25.000000000000085, 0.1], 'distracted': [20.100000000000016, 7.499999999999989], 'elderly': [1.6000000000000003, 1.6000000000000003, 1.6000000000000003], 'child': [22.300000000000047, 1.2], 'hurried': [], 'paired_group': [18.799999999999997, 18.799999999999997, 5.599999999999996, 5.599999999999996]}",Smart (Full)
8.114814814814817,25.680000000000096,3.2044247787610582,13.279999999999962,0,259,0.4517173212687919,0,"{'normal': [11.299999999999976, 0.1, 0.1, 17.49999999999998, 4.799999999999999, 10.799999999999978, 4.899999999999999], 'slow_walker': [0.1, 12.499999999999972], 'distracted': [2.1000000000000005, 26.900000000000112, 26.1000000000001, 7.499999999999989], 'elderly': [1.6000000000000003], 'child': [], 'hurried': [0.1, 0.1], 'paired_group': [4.799999999999999, 4.799999999999999, 0.1, 0.1, 17.199999999999974, 17.199999999999974]}",Smart (Full)
10.514285714285725,25.920000000000098,2.508849557522121,12.239999999999972,3,308,0.44736035925017587,0,"{'normal': [0.1, 19.60000000000001, 0.1, 7.099999999999991, 0.1, 26.200000000000102, 13.699999999999967, 1.5000000000000002, 0.1, 21.10000000000003, 0.1], 'slow_walker': [0.1], 'distracted': [], 'elderly': [29.60000000000015], 'child': [], 'hurried': [20.100000000000016, 9.599999999999982], 'paired_group': [7.099999999999991, 7.099999999999991, 0.1, 0.1, 25.40000000000009, 25.40000000000009, 12.599999999999971, 12.599999999999971]}",Smart (Full)
8.91538461538462,24.525000000000077,3.736842105263154,16.40999999999996,0,227,0.48135091708093447,0,"{'normal': [0.1, 0.1, 17.49999999999998, 0.1, 23.700000000000067, 11.199999999999976, 0.1, 3.600000000000002, 11.299999999999976], 'slow_walker': [0.1, 25.200000000000088], 'distracted': [17.799999999999983, 2.1000000000000005], 'elderly': [], 'child': [2.600000000000001, 1.2], 'hurried': [24.800000000000082, 5.399999999999997], 'paired_group': [10.599999999999978, 10.599999999999978, 17.59999999999998, 17.59999999999998]}",Smart (Full)
9.226086956521751,24.800000000000082,3.403603603603598,15.99999999999996,1,117,0.46843149833435,0,"{'normal': [0.1, 17.299999999999976, 0.1, 24.800000000000082, 11.999999999999973, 18.19999999999999, 24.800000000000082, 11.899999999999974, 0.1, 0.1, 4.5, 0.1], 'slow_walker': [], 'distracted': [2.1000000000000005, 18.9], 'elderly': [8.199999999999987, 1.6000000000000003, 2.400000000000001], 'child': [28.90000000000014], 'hurried': [0.1, 5.399999999999997], 'paired_group': []}",Smart (Full)
9.62333333333335,28.52500000000013,2.786607142857139,12.54499999999997,1,328,0.47005671469036614,0,"{'normal': [22.000000000000043, 27.700000000000124, 0.1, 27.600000000000122, 1.8000000000000005, 0.1, 16.599999999999966], 'slow_walker': [0.1, 0.1, 5.4999999999999964], 'distracted': [23.90000000000007], 'elderly': [6.199999999999994, 20.900000000000027], 'child': [], 'hurried': [9.699999999999982], 'paired_group': [0.1, 0.1, 14.599999999999964, 14.599999999999964, 2.3000000000000007, 2.3000000000000007, 0.1, 0.1, 14.399999999999965, 14.399999999999965, 29.200000000000145, 29.200000000000145]}",Smart (Full)
11.251851851851873,26.630000000000106,2.996363636363632,13.939999999999964,6,287,0.35151774913220485,0,"{'normal': [3.5000000000000018, 10.599999999999978, 0.1, 30.000000000000156, 3.900000000000002, 0.1, 10.499999999999979, 10.29999999999998, 4.300000000000001, 0.1], 'slow_walker': [11.699999999999974], 'distracted': [2.1000000000000005, 24.60000000000008], 'elderly': [1.6000000000000003, 27.50000000000012], 'child': [1.2], 'hurried': [], 'paired_group': [23.400000000000063, 23.400000000000063, 23.30000000000006, 23.30000000000006, 17.49999999999998, 17.49999999999998]}",Smart (Full)
7.287096774193554,26.70000000000011,3.5486486486486433,14.849999999999962,1,235,0.45030258026476305,0,"{'normal': [0.1, 0.1, 12.69999999999997, 0.1, 0.1], 'slow_walker': [0.1, 7.19999999999999], 'distracted': [26.900000000000112], 'elderly': [7.599999999999989, 27.800000000000125, 1.6000000000000003], 'child': [], 'hurried': [26.500000000000107], 'paired_group': [17.899999999999984, 17.899999999999984, 0.1, 0.1, 6.099999999999994, 6.099999999999994, 0.1, 0.1, 0.1, 0.1, 11.599999999999975, 11.599999999999975, 0.1, 0.1, 19.400000000000006, 19.400000000000006]}",Smart (Full)
8.337037037037051,24.520000000000078,3.7070175438596435,14.639999999999961,0,187,0.452769256906871,0,"{'normal': [4.5, 23.800000000000068, 0.1, 0.1, 0.1], 'slow_walker': [5.699999999999996], 'distracted': [31.200000000000173, 2.1000000000000005, 5.399999999999997], 'elderly': [13.999999999999966], 'child': [1.2, 1.2], 'hurried': [11.099999999999977, 17.999999999999986, 11.799999999999974], 'paired_group': [4.4, 4.4, 0.1, 0.1, 24.100000000000072, 24.100000000000072, 0.1, 0.1]}",Smart (Risk-Averse)
9.226923076923084,26.300000000000104,2.6690265486725626,12.699999999999967,0,201,0.47329640149384017,0,"{'normal': [9.99999999999998, 1.6000000000000003, 0.1, 0.1, 27.700000000000124, 0.1, 22.100000000000044, 9.799999999999981, 29.900000000000155, 17.199999999999974, 4.200000000000001], 'slow_walker': [2.700000000000001], 'distracted': [], 'elderly': [12.099999999999973, 1.6000000000000003], 'child': [], 'hurried': [0.1, 0.1, 0.1], 'paired_group': [14.399999999999965, 14.399999999999965, 20.800000000000026, 20.800000000000026]}",Smart (Risk-Averse)
10.248000000000008,25.56000000000009,3.9256637168141553,17.51999999999997,0,255,0.4788870082606472,0,"{'normal': [0.1, 11.399999999999975, 0.1, 25.700000000000095, 12.79999999999997, 0.1, 20.30000000000002, 7.699999999999989], 'slow_walker': [5.399999999999997, 25.000000000000085, 0.1], 'distracted': [20.100000000000016, 7.499999999999989], 'elderly': [1.6000000000000003, 1.6000000000000003, 1.6000000000000003], 'child': [22.300000000000047, 1.2], 'hurried': [], 'paired_group': [18.799999999999997, 18.799999999999997, 5.599999999999996, 5.599999999999996]}",Smart (Risk-Averse)
8.114814814814817,25.680000000000096,3.2044247787610582,13.279999999999962,0,259,0.4517173212687919,0,"{'normal': [11.299999999999976, 0.1, 0.1, 17.49999999999998, 4.799999999999999, 10.799999999999978, 4.899999999999999], 'slow_walker': [0.1, 12.499999999999972], 'distracted': [2.1000000000000005, 26.900000000000112, 26.1000000000001, 7.499999999999989], 'elderly': [1.6000000000000003], 'child': [], 'hurried': [0.1, 0.1], 'paired_group': [4.799999999999999, 4.799999999999999, 0.1, 0.1, 17.199999999999974, 17.199999999999974]}",Smart (Risk-Averse)
10.514285714285725,25.920000000000098,2.508849557522121,12.239999999999972,3,308,0.44736035925017587,0,"{'normal': [0.1, 19.60000000000001, 0.1, 7.099999999999991, 0.1, 26.200000000000102, 13.699999999999967, 1.5000000000000002, 0.1, 21.10000000000003, 0.1], 'slow_walker': [0.1], 'distracted': [], 'elderly': [29.60000000000015], 'child': [], 'hurried': [20.100000000000016, 9.599999999999982], 'paired_group': [7.099999999999991, 7.099999999999991, 0.1, 0.1, 25.40000000000009, 25.40000000000009, 12.599999999999971, 12.599999999999971]}",Smart (Risk-Averse)
8.91538461538462,24.525000000000077,3.736842105263154,16.40999999999996,0,227,0.48135091708093447,0,"{'normal': [0.1, 0.1, 17.49999999999998, 0.1, 23.700000000000067, 11.199999999999976, 0.1, 3.600000000000002, 11.299999999999976], 'slow_walker': [0.1, 25.200000000000088], 'distracted': [17.799999999999983, 2.1000000000000005], 'elderly': [], 'child': [2.600000000000001, 1.2], 'hurried': [24.800000000000082, 5.399999999999997], 'paired_group': [10.599999999999978, 10.599999999999978, 17.59999999999998, 17.59999999999998]}",Smart (Risk-Averse)
9.226086956521751,24.800000000000082,3.403603603603598,15.99999999999996,1,117,0.46843149833435,0,"{'normal': [0.1, 17.299999999999976, 0.1, 24.800000000000082, 11.999999999999973, 18.19999999999999, 24.800000000000082, 11.899999999999974, 0.1, 0.1, 4.5, 0.1], 'slow_walker': [], 'distracted': [2.1000000000000005, 18.9], 'elderly': [8.199999999999987, 1.6000000000000003, 2.400000000000001], 'child': [28.90000000000014], 'hurried': [0.1, 5.399999999999997], 'paired_group': []}",Smart (Risk-Averse)
9.62333333333335,28.52500000000013,2.786607142857139,12.54499999999997,1,328,0.47005671469036614,0,"{'normal': [22.000000000000043, 27.700000000000124, 0.1, 27.600000000000122, 1.8000000000000005, 0.1, 16.599999999999966], 'slow_walker': [0.1, 0.1, 5.4999999999999964], 'distracted': [23.90000000000007], 'elderly': [6.199999999999994, 20.900000000000027], 'child': [], 'hurried': [9.699999999999982], 'paired_group': [0.1, 0.1, 14.599999999999964, 14.599999999999964, 2.3000000000000007, 2.3000000000000007, 0.1, 0.1, 14.399999999999965, 14.399999999999965, 29.200000000000145, 29.200000000000145]}",Smart (Risk-Averse)
11.251851851851873,26.630000000000106,2.996363636363632,13.939999999999964,6,287,0.35151774913220485,0,"{'normal': [3.5000000000000018, 10.599999999999978, 0.1, 30.000000000000156, 3.900000000000002, 0.1, 10.499999999999979, 10.29999999999998, 4.300000000000001, 0.1], 'slow_walker': [11.699999999999974], 'distracted': [2.1000000000000005, 24.60000000000008], 'elderly': [1.6000000000000003, 27.50000000000012], 'child': [1.2], 'hurried': [], 'paired_group': [23.400000000000063, 23.400000000000063, 23.30000000000006, 23.30000000000006, 17.49999999999998, 17.49999999999998]}",Smart (Risk-Averse)
7.287096774193554,26.70000000000011,3.5486486486486433,14.849999999999962,1,235,0.45030258026476305,0,"{'normal': [0.1, 0.1, 12.69999999999997, 0.1, 0.1], 'slow_walker': [0.1, 7.19999999999999], 'distracted': [26.900000000000112], 'elderly': [7.599999999999989, 27.800000000000125, 1.6000000000000003], 'child': [], 'hurried': [26.500000000000107], 'paired_group': [17.899999999999984, 17.899999999999984, 0.1, 0.1, 6.099999999999994, 6.099999999999994, 0.1, 0.1, 0.1, 0.1, 11.599999999999975, 11.599999999999975, 0.1, 0.1, 19.400000000000006, 19.400000000000006]}",Smart (Risk-Averse)
9.003703703703719,28.51000000000013,3.4315789473684166,15.744999999999957,1,272,0.40101910993194845,1,"{'normal': [4.5, 23.800000000000068, 0.1, 0.1, 15.59999999999996, 0.1], 'slow_walker': [5.699999999999996], 'distracted': [31.200000000000173, 2.1000000000000005, 30.400000000000162, 4.699999999999999], 'elderly': [13.999999999999966], 'child': [1.2, 1.2], 'hurried': [11.099999999999977, 17.999999999999986, 11.799999999999974], 'paired_group': [4.4, 4.4, 0.1, 0.1, 24.100000000000072, 24.100000000000072, 0.1, 0.1]}",Smart (NoSpatial)
9.226923076923084,26.300000000000104,2.6690265486725626,12.699999999999967,0,201,0.47329640149384017,0,"{'normal': [9.99999999999998, 1.6000000000000003, 0.1, 0.1, 27.700000000000124, 0.1, 22.100000000000044, 9.799999999999981, 29.900000000000155, 17.199999999999974, 4.200000000000001], 'slow_walker': [2.700000000000001], 'distracted': [], 'elderly': [12.099999999999973, 1.6000000000000003], 'child': [], 'hurried': [0.1, 0.1, 0.1], 'paired_group': [14.399999999999965, 14.399999999999965, 20.800000000000026, 20.800000000000026]}",Smart (NoSpatial)
10.248000000000008,25.56000000000009,3.9256637168141553,17.51999999999997,0,255,0.4788870082606472,0,"{'normal': [0.1, 11.399999999999975, 0.1, 25.700000000000095, 12.79999999999997, 0.1, 20.30000000000002, 7.699999999999989], 'slow_walker': [5.399999999999997, 25.000000000000085, 0.1], 'distracted': [20.100000000000016, 7.499999999999989], 'elderly': [1.6000000000000003, 1.6000000000000003, 1.6000000000000003], 'child': [22.300000000000047, 1.2], 'hurried': [], 'paired_group': [18.799999999999997, 18.799999999999997, 5.599999999999996, 5.599999999999996]}",Smart (NoSpatial)
8.114814814814817,25.680000000000096,3.2044247787610582,13.279999999999962,0,259,0.4517173212687919,0,"{'normal': [11.299999999999976, 0.1, 0.1, 17.49999999999998, 4.799999999999999, 10.799999999999978, 4.899999999999999], 'slow_walker': [0.1, 12.499999999999972], 'distracted': [2.1000000000000005, 26.900000000000112, 26.1000000000001, 7.499999999999989], 'elderly': [1.6000000000000003], 'child': [], 'hurried': [0.1, 0.1], 'paired_group': [4.799999999999999, 4.799999999999999, 0.1, 0.1, 17.199999999999974, 17.199999999999974]}",Smart (NoSpatial)
10.514285714285725,25.920000000000098,2.508849557522121,12.239999999999972,3,308,0.44736035925017587,0,"{'normal': [0.1, 19.60000000000001, 0.1, 7.099999999999991, 0.1, 26.200000000000102, 13.699999999999967, 1.5000000000000002, 0.1, 21.10000000000003, 0.1], 'slow_walker': [0.1], 'distracted': [], 'elderly': [29.60000000000015], 'child': [], 'hurried': [20.100000000000016, 9.599999999999982], 'paired_group': [7.099999999999991, 7.099999999999991, 0.1, 0.1, 25.40000000000009, 25.40000000000009, 12.599999999999971, 12.599999999999971]}",Smart (NoSpatial)
8.91538461538462,24.525000000000077,3.736842105263154,16.40999999999996,0,227,0.48135091708093447,0,"{'normal': [0.1, 0.1, 17.49999999999998, 0.1, 23.700000000000067, 11.199999999999976, 0.1, 3.600000000000002, 11.299999999999976], 'slow_walker': [0.1, 25.200000000000088], 'distracted': [17.799999999999983, 2.1000000000000005], 'elderly': [], 'child': [2.600000000000001, 1.2], 'hurried': [24.800000000000082, 5.399999999999997], 'paired_group': [10.599999999999978, 10.599999999999978, 17.59999999999998, 17.59999999999998]}",Smart (NoSpatial)
9.226086956521751,24.800000000000082,3.403603603603598,15.99999999999996,1,117,0.46843149833435,0,"{'normal': [0.1, 17.299999999999976, 0.1, 24.800000000000082, 11.999999999999973, 18.19999999999999, 24.800000000000082, 11.899999999999974, 0.1, 0.1, 4.5, 0.1], 'slow_walker': [], 'distracted': [2.1000000000000005, 18.9], 'elderly': [8.199999999999987, 1.6000000000000003, 2.400000000000001], 'child': [28.90000000000014], 'hurried': [0.1, 5.399999999999997], 'paired_group': []}",Smart (NoSpatial)
9.62333333333335,28.52500000000013,2.786607142857139,12.54499999999997,1,328,0.47005671469036614,0,"{'normal': [22.000000000000043, 27.700000000000124, 0.1, 27.600000000000122, 1.8000000000000005, 0.1, 16.599999999999966], 'slow_walker': [0.1, 0.1, 5.4999999999999964], 'distracted': [23.90000000000007], 'elderly': [6.199999999999994, 20.900000000000027], 'child': [], 'hurried': [9.699999999999982], 'paired_group': [0.1, 0.1, 14.599999999999964, 14.599999999999964, 2.3000000000000007, 2.3000000000000007, 0.1, 0.1, 14.399999999999965, 14.399999999999965, 29.200000000000145, 29.200000000000145]}",Smart (NoSpatial)
11.251851851851873,26.630000000000106,2.996363636363632,13.939999999999964,6,287,0.35151774913220485,0,"{'normal': [3.5000000000000018, 10.599999999999978, 0.1, 30.000000000000156, 3.900000000000002, 0.1, 10.499999999999979, 10.29999999999998, 4.300000000000001, 0.1], 'slow_walker': [11.699999999999974], 'distracted': [2.1000000000000005, 24.60000000000008], 'elderly': [1.6000000000000003, 27.50000000000012], 'child': [1.2], 'hurried': [], 'paired_group': [23.400000000000063, 23.400000000000063, 23.30000000000006, 23.30000000000006, 17.49999999999998, 17.49999999999998]}",Smart (NoSpatial)
7.287096774193554,26.70000000000011,3.5486486486486433,14.849999999999962,1,235,0.45030258026476305,0,"{'normal': [0.1, 0.1, 12.69999999999997, 0.1, 0.1], 'slow_walker': [0.1, 7.19999999999999], 'distracted': [26.900000000000112], 'elderly': [7.599999999999989, 27.800000000000125, 1.6000000000000003], 'child': [], 'hurried': [26.500000000000107], 'paired_group': [17.899999999999984, 17.899999999999984, 0.1, 0.1, 6.099999999999994, 6.099999999999994, 0.1, 0.1, 0.1, 0.1, 11.599999999999975, 11.599999999999975, 0.1, 0.1, 19.400000000000006, 19.400000000000006]}",Smart (NoSpatial)
